-- MySQL Script generated by MySQL Workbench
-- Thu Oct 15 15:34:37 2020
-- Model: New Model    Version: 1.0
-- MySQL Workbench Forward Engineering

SET @OLD_UNIQUE_CHECKS=@@UNIQUE_CHECKS, UNIQUE_CHECKS=0;
SET @OLD_FOREIGN_KEY_CHECKS=@@FOREIGN_KEY_CHECKS, FOREIGN_KEY_CHECKS=0;
SET @OLD_SQL_MODE=@@SQL_MODE, SQL_MODE='ONLY_FULL_GROUP_BY,STRICT_TRANS_TABLES,NO_ZERO_IN_DATE,NO_ZERO_DATE,ERROR_FOR_DIVISION_BY_ZERO,NO_ENGINE_SUBSTITUTION';

-- -----------------------------------------------------
-- Schema sql7371032
-- -----------------------------------------------------

-- -----------------------------------------------------
-- Schema sql7371032
-- -----------------------------------------------------
CREATE SCHEMA IF NOT EXISTS `sql7371032` DEFAULT CHARACTER SET utf8 ;
USE `sql7371032` ;

-- -----------------------------------------------------
-- Table `sql7371032`.`table_items`
-- -----------------------------------------------------
DROP TABLE IF EXISTS `sql7371032`.`table_items` ;

CREATE TABLE IF NOT EXISTS `sql7371032`.`table_items` (
  `IID` INT NOT NULL,
  `Name` VARCHAR(255) NOT NULL,
  PRIMARY KEY (`IID`));


-- -----------------------------------------------------
-- Table `sql7371032`.`table_armbands`
-- -----------------------------------------------------
DROP TABLE IF EXISTS `sql7371032`.`table_armbands` ;

CREATE TABLE IF NOT EXISTS `sql7371032`.`table_armbands` (
  `AbID` INT NOT NULL,
  `IID` INT NOT NULL,
  `image` VARCHAR(32) NOT NULL,
  `name` VARCHAR(255) NOT NULL,
  `color` VARCHAR(255) NOT NULL,
  PRIMARY KEY (`AbID`),
    FOREIGN KEY (`IID`)
    REFERENCES `sql7371032`.`table_items` (`IID`)
    ON DELETE NO ACTION
    ON UPDATE NO ACTION);



-- -----------------------------------------------------
-- Table `sql7371032`.`table_armor_zones`
-- -----------------------------------------------------
DROP TABLE IF EXISTS `sql7371032`.`table_armor_zones` ;

CREATE TABLE IF NOT EXISTS `sql7371032`.`table_armor_zones` (
  `AzID` INT NOT NULL,
  `name` VARCHAR(255) NOT NULL,
  PRIMARY KEY (`AzID`));


-- -----------------------------------------------------
-- Table `sql7371032`.`table_backpacks`
-- -----------------------------------------------------
DROP TABLE IF EXISTS `sql7371032`.`table_backpacks` ;

CREATE TABLE IF NOT EXISTS `sql7371032`.`table_backpacks` (
  `BID` INT NOT NULL,
  `IID` INT NOT NULL,
  `name` VARCHAR(255) NOT NULL,
  `image` VARCHAR(32) NOT NULL,
  `inner_grid` VARCHAR(255) NOT NULL,
  `outer_grid` VARCHAR(255) NOT NULL,
  `slots` INT NOT NULL,
  `storage_efficiency` DECIMAL(30,2) NOT NULL,
  `weight` DECIMAL(30,1) NOT NULL,
  PRIMARY KEY (`BID`),
    FOREIGN KEY (`IID`)
    REFERENCES `sql7371032`.`table_items` (`IID`)
    ON DELETE NO ACTION
    ON UPDATE NO ACTION)
;



-- -----------------------------------------------------
-- Table `sql7371032`.`help_table_item_chest_rigs`
-- -----------------------------------------------------
DROP TABLE IF EXISTS `sql7371032`.`help_table_item_chest_rigs` ;

CREATE TABLE IF NOT EXISTS `sql7371032`.`help_table_item_chest_rigs` (
  `HticID` INT NOT NULL AUTO_INCREMENT,
  `CraID` INT NULL,
  `CruID` INT NULL,
  PRIMARY KEY (`HticID`))
;


-- -----------------------------------------------------
-- Table `sql7371032`.`table_eyewears`
-- -----------------------------------------------------
DROP TABLE IF EXISTS `sql7371032`.`table_eyewears` ;

CREATE TABLE IF NOT EXISTS `sql7371032`.`table_eyewears` (
  `EwID` INT NOT NULL AUTO_INCREMENT,
  `IID` INT NOT NULL,
  `image` VARCHAR(32) NOT NULL,
  `name` VARCHAR(255) NOT NULL,
  PRIMARY KEY (`EwID`),
    FOREIGN KEY (`IID`)
    REFERENCES `sql7371032`.`table_items` (`IID`)
    ON DELETE NO ACTION
    ON UPDATE NO ACTION)
;



-- -----------------------------------------------------
-- Table `sql7371032`.`help_table_item_face_cover`
-- -----------------------------------------------------
DROP TABLE IF EXISTS `sql7371032`.`help_table_item_face_cover` ;

CREATE TABLE IF NOT EXISTS `sql7371032`.`help_table_item_face_cover` (
  `HtifID` INT NOT NULL AUTO_INCREMENT,
  `IID` INT NOT NULL,
  `FcaID` INT NULL,
  `FcvID` INT NULL,
  PRIMARY KEY (`HtifID`),
    FOREIGN KEY (`IID`)
    REFERENCES `sql7371032`.`table_items` (`IID`)
    ON DELETE RESTRICT
    ON UPDATE RESTRICT)
;



-- -----------------------------------------------------
-- Table `sql7371032`.`table_headsets`
-- -----------------------------------------------------
DROP TABLE IF EXISTS `sql7371032`.`table_headsets` ;

CREATE TABLE IF NOT EXISTS `sql7371032`.`table_headsets` (
  `HID` INT NOT NULL AUTO_INCREMENT,
  `IID` INT NOT NULL,
  `image` VARCHAR(32) NOT NULL,
  `name` VARCHAR(255) NOT NULL,
  PRIMARY KEY (`HID`),
    FOREIGN KEY (`IID`)
    REFERENCES `sql7371032`.`table_items` (`IID`)
    ON DELETE NO ACTION
    ON UPDATE NO ACTION)
;


-- -----------------------------------------------------
-- Table `sql7371032`.`help_table_items_headwear`
-- -----------------------------------------------------
DROP TABLE IF EXISTS `sql7371032`.`help_table_items_headwear` ;

CREATE TABLE IF NOT EXISTS `sql7371032`.`help_table_items_headwear` (
  `HihID` INT NOT NULL AUTO_INCREMENT,
  `IID` INT NOT NULL,
  `HmID` INT NULL,
  `HaID` INT NULL,
  PRIMARY KEY (`HihID`),
    FOREIGN KEY (`IID`)
    REFERENCES `sql7371032`.`table_items` (`IID`)
    ON DELETE NO ACTION
    ON UPDATE NO ACTION)
;



-- -----------------------------------------------------
-- Table `sql7371032`.`table_secure_containers`
-- -----------------------------------------------------
DROP TABLE IF EXISTS `sql7371032`.`table_secure_containers` ;

CREATE TABLE IF NOT EXISTS `sql7371032`.`table_secure_containers` (
  `ScID` INT NOT NULL AUTO_INCREMENT,
  `IID` INT NOT NULL,
  `image` VARCHAR(32) NOT NULL,
  `name` VARCHAR(255) NOT NULL,
  `inner_grid` VARCHAR(255) NOT NULL,
  `total_slots` INT NOT NULL,
  PRIMARY KEY (`ScID`),
    FOREIGN KEY (`IID`)
    REFERENCES `sql7371032`.`table_items` (`IID`)
    ON DELETE NO ACTION
    ON UPDATE NO ACTION)
;



-- -----------------------------------------------------
-- Table `sql7371032`.`table_armor_vests_copy1`
-- -----------------------------------------------------
DROP TABLE IF EXISTS `sql7371032`.`table_armor_vests_copy1` ;

CREATE TABLE IF NOT EXISTS `sql7371032`.`table_armor_vests_copy1` (
  `AvID` INT NOT NULL AUTO_INCREMENT,
  `IID` INT NOT NULL,
  `name` VARCHAR(255) NOT NULL,
  `image` VARBINARY(2500) NOT NULL,
  `armor_class` INT NOT NULL,
  `durability` INT NOT NULL,
  `movement_speed` VARCHAR(255) NOT NULL,
  `turn_speed` VARCHAR(255) NOT NULL,
  `ergonomics` INT NOT NULL,
  PRIMARY KEY (`AvID`),
    FOREIGN KEY (`IID`)
    REFERENCES `sql7371032`.`table_items` (`IID`)
    ON DELETE NO ACTION
    ON UPDATE NO ACTION)
;



-- -----------------------------------------------------
-- Table `sql7371032`.`table_calibers`
-- -----------------------------------------------------
DROP TABLE IF EXISTS `sql7371032`.`table_calibers` ;

CREATE TABLE IF NOT EXISTS `sql7371032`.`table_calibers` (
  `CID` INT NOT NULL,
  `name` VARCHAR(255) NOT NULL,
  PRIMARY KEY (`CID`))
;


-- -----------------------------------------------------
-- Table `sql7371032`.`table_weapon_types`
-- -----------------------------------------------------
DROP TABLE IF EXISTS `sql7371032`.`table_weapon_types` ;

CREATE TABLE IF NOT EXISTS `sql7371032`.`table_weapon_types` (
  `WtID` INT NOT NULL,
  `name` VARCHAR(255) NOT NULL,
  PRIMARY KEY (`WtID`))
;


-- -----------------------------------------------------
-- Table `sql7371032`.`table_weapons`
-- -----------------------------------------------------
DROP TABLE IF EXISTS `sql7371032`.`table_weapons` ;

CREATE TABLE IF NOT EXISTS `sql7371032`.`table_weapons` (
  `WID` INT NOT NULL,
  `IID` INT NOT NULL,
  `WtID` INT NOT NULL,
  `CID` INT NOT NULL,
  `name` VARCHAR(255) NOT NULL,
  `image` VARCHAR(32) NOT NULL,
  `accuracy` DECIMAL(30,2) NOT NULL,
  `vertical_recoil` INT NOT NULL,
  `horizontal_recoil` INT NOT NULL,
  `ergonomic` INT NOT NULL,
  `rate_of_fire` INT NOT NULL,
  `effective_range` INT NOT NULL,
  PRIMARY KEY (`WID`),
    FOREIGN KEY (`IID`)
    REFERENCES `sql7371032`.`table_items` (`IID`)
    ON DELETE NO ACTION
    ON UPDATE NO ACTION,
    FOREIGN KEY (`CID`)
    REFERENCES `sql7371032`.`table_calibers` (`CID`)
    ON DELETE NO ACTION
    ON UPDATE NO ACTION,
    FOREIGN KEY (`WtID`)
    REFERENCES `sql7371032`.`table_weapon_types` (`WtID`)
    ON DELETE NO ACTION
    ON UPDATE NO ACTION)
;


-- -----------------------------------------------------
-- Table `sql7371032`.`table_materials`
-- -----------------------------------------------------
DROP TABLE IF EXISTS `sql7371032`.`table_materials` ;

CREATE TABLE IF NOT EXISTS `sql7371032`.`table_materials` (
  `MaID` INT NOT NULL,
  `name` VARCHAR(255) NOT NULL,
  PRIMARY KEY (`MaID`))
;


-- -----------------------------------------------------
-- Table `sql7371032`.`table_armor_attributes`
-- -----------------------------------------------------
DROP TABLE IF EXISTS `sql7371032`.`table_armor_attributes` ;

CREATE TABLE IF NOT EXISTS `sql7371032`.`table_armor_attributes` (
  `AaID` INT NOT NULL,
  `MaID` INT NOT NULL,
  `class` INT NOT NULL,
  `hitpoint` INT NOT NULL,
  `movement` VARCHAR(255) NOT NULL,
  `turning` VARCHAR(255) NOT NULL,
  `ergonomics` VARCHAR(255) NOT NULL,
  PRIMARY KEY (`AaID`),
    FOREIGN KEY (`MaID`)
    REFERENCES `sql7371032`.`table_materials` (`MaID`)
    ON DELETE NO ACTION
    ON UPDATE NO ACTION)
;


-- -----------------------------------------------------
-- Table `sql7371032`.`table_trader`
-- -----------------------------------------------------
DROP TABLE IF EXISTS `sql7371032`.`table_trader` ;

CREATE TABLE IF NOT EXISTS `sql7371032`.`table_trader` (
  `TID` INT NOT NULL AUTO_INCREMENT,
  `name` VARCHAR(255) NOT NULL,
  `step` INT NOT NULL,
  PRIMARY KEY (`TID`))
;


-- -----------------------------------------------------
-- Table `sql7371032`.`table_containers`
-- -----------------------------------------------------
DROP TABLE IF EXISTS `sql7371032`.`table_containers` ;

CREATE TABLE IF NOT EXISTS `sql7371032`.`table_containers` (
  `CoID` INT NOT NULL,
  `IID` INT NOT NULL,
  `image` VARCHAR(32) NOT NULL,
  `name` VARCHAR(255) NOT NULL,
  `inner_dimensions` VARCHAR(255) NOT NULL,
  `outer_dimensions` VARCHAR(255) NOT NULL,
  `efficiency` DECIMAL(30,2) NOT NULL,
  `total_slots` INT NOT NULL,
  PRIMARY KEY (`CoID`),
    FOREIGN KEY (`IID`)
    REFERENCES `sql7371032`.`table_items` (`IID`)
    ON DELETE NO ACTION
    ON UPDATE NO ACTION)
;



-- -----------------------------------------------------
-- Table `sql7371032`.`table_attachment_types`
-- -----------------------------------------------------
DROP TABLE IF EXISTS `sql7371032`.`table_attachment_types` ;

CREATE TABLE IF NOT EXISTS `sql7371032`.`table_attachment_types` (
  `AmtID` INT NOT NULL,
  `name` VARCHAR(255) NOT NULL,
  PRIMARY KEY (`AmtID`))
;


-- -----------------------------------------------------
-- Table `sql7371032`.`table_attachments`
-- -----------------------------------------------------
DROP TABLE IF EXISTS `sql7371032`.`table_attachments` ;

CREATE TABLE IF NOT EXISTS `sql7371032`.`table_attachments` (
  `AmID` INT NOT NULL AUTO_INCREMENT,
  `IID` INT NOT NULL,
  `AmtID` INT NOT NULL,
  `image` VARCHAR(32) NOT NULL,
  `name` VARCHAR(255) NOT NULL,
  `magazine` INT NOT NULL,
  `ergonomics` INT NOT NULL,
  `accuracy` INT NOT NULL,
  `recoil` INT NOT NULL,
  `velocity` INT NOT NULL,
  PRIMARY KEY (`AmID`),
    FOREIGN KEY (`IID`)
    REFERENCES `sql7371032`.`table_items` (`IID`)
    ON DELETE NO ACTION
    ON UPDATE NO ACTION,
    FOREIGN KEY (`AmtID`)
    REFERENCES `sql7371032`.`table_attachment_types` (`AmtID`)
    ON DELETE NO ACTION
    ON UPDATE NO ACTION)
;


-- -----------------------------------------------------
-- Table `sql7371032`.`table_attachments_trader`
-- -----------------------------------------------------
DROP TABLE IF EXISTS `sql7371032`.`table_attachments_trader` ;

CREATE TABLE IF NOT EXISTS `sql7371032`.`table_attachments_trader` (
  `AmID` INT NOT NULL,
  `TID` INT NOT NULL,
  `price` INT NULL,
  PRIMARY KEY (`AmID`, `TID`),
    FOREIGN KEY (`AmID`)
    REFERENCES `sql7371032`.`table_attachments` (`AmID`)
    ON DELETE NO ACTION
    ON UPDATE NO ACTION,
    FOREIGN KEY (`TID`)
    REFERENCES `sql7371032`.`table_trader` (`TID`)
    ON DELETE NO ACTION
    ON UPDATE NO ACTION)
;



-- -----------------------------------------------------
-- Table `sql7371032`.`table_firemodes`
-- -----------------------------------------------------
DROP TABLE IF EXISTS `sql7371032`.`table_firemodes` ;

CREATE TABLE IF NOT EXISTS `sql7371032`.`table_firemodes` (
  `FmID` INT NOT NULL,
  `name` VARCHAR(255) NOT NULL,
  PRIMARY KEY (`FmID`))
;


-- -----------------------------------------------------
-- Table `sql7371032`.`table_weapons_firemodes`
-- -----------------------------------------------------
DROP TABLE IF EXISTS `sql7371032`.`table_weapons_firemodes` ;

CREATE TABLE IF NOT EXISTS `sql7371032`.`table_weapons_firemodes` (
  `WID` INT NOT NULL,
  `FmID` INT NOT NULL,
  PRIMARY KEY (`FmID`, `WID`),
    FOREIGN KEY (`FmID`)
    REFERENCES `sql7371032`.`table_firemodes` (`FmID`)
    ON DELETE NO ACTION
    ON UPDATE NO ACTION,
    FOREIGN KEY (`WID`)
    REFERENCES `sql7371032`.`table_weapons` (`WID`)
    ON DELETE NO ACTION
    ON UPDATE NO ACTION)
;



-- -----------------------------------------------------
-- Table `sql7371032`.`table_loot_storages`
-- -----------------------------------------------------
DROP TABLE IF EXISTS `sql7371032`.`table_loot_storages` ;

CREATE TABLE IF NOT EXISTS `sql7371032`.`table_loot_storages` (
  `LsID` INT NOT NULL,
  `name` VARCHAR(255) NOT NULL,
  PRIMARY KEY (`LsID`))

COMMENT = '									';


-- -----------------------------------------------------
-- Table `sql7371032`.`table_maps`
-- -----------------------------------------------------
DROP TABLE IF EXISTS `sql7371032`.`table_maps` ;

CREATE TABLE IF NOT EXISTS `sql7371032`.`table_maps` (
  `MID` INT NOT NULL,
  `name` VARCHAR(255) NOT NULL,
  PRIMARY KEY (`MID`))
;


-- -----------------------------------------------------
-- Table `sql7371032`.`table_key_types`
-- -----------------------------------------------------
DROP TABLE IF EXISTS `sql7371032`.`table_key_types` ;

CREATE TABLE IF NOT EXISTS `sql7371032`.`table_key_types` (
  `KtID` INT NOT NULL,
  `name` VARCHAR(255) NOT NULL,
  PRIMARY KEY (`KtID`))
;


-- -----------------------------------------------------
-- Table `sql7371032`.`table_keys`
-- -----------------------------------------------------
DROP TABLE IF EXISTS `sql7371032`.`table_keys` ;

CREATE TABLE IF NOT EXISTS `sql7371032`.`table_keys` (
  `KID` INT NOT NULL,
  `IID` INT NOT NULL,
  `KtID` INT NOT NULL,
  `image` VARCHAR(32) NOT NULL,
  `name` VARCHAR(255) NOT NULL,
  PRIMARY KEY (`KID`),
    FOREIGN KEY (`KtID`)
    REFERENCES `sql7371032`.`table_key_types` (`KtID`)
    ON DELETE NO ACTION
    ON UPDATE NO ACTION,
    FOREIGN KEY (`IID`)
    REFERENCES `sql7371032`.`table_items` (`IID`)
    ON DELETE NO ACTION
    ON UPDATE NO ACTION)
;



-- -----------------------------------------------------
-- Table `sql7371032`.`table_loot_types`
-- -----------------------------------------------------
DROP TABLE IF EXISTS `sql7371032`.`table_loot_types` ;

CREATE TABLE IF NOT EXISTS `sql7371032`.`table_loot_types` (
  `LtID` INT NOT NULL,
  `name` VARCHAR(255) NOT NULL,
  PRIMARY KEY (`LtID`))
;


-- -----------------------------------------------------
-- Table `sql7371032`.`table_loot`
-- -----------------------------------------------------
DROP TABLE IF EXISTS `sql7371032`.`table_loot` ;

CREATE TABLE IF NOT EXISTS `sql7371032`.`table_loot` (
  `LID` INT NOT NULL,
  `LtID` INT NOT NULL,
  `IID` INT NOT NULL,
  `image` VARCHAR(32) NOT NULL,
  `name` VARCHAR(255) NOT NULL,
  PRIMARY KEY (`LID`, `LtID`, `IID`),
    FOREIGN KEY (`LtID`)
    REFERENCES `sql7371032`.`table_loot_types` (`LtID`)
    ON DELETE NO ACTION
    ON UPDATE NO ACTION,
    FOREIGN KEY (`IID`)
    REFERENCES `sql7371032`.`table_items` (`IID`)
    ON DELETE NO ACTION
    ON UPDATE NO ACTION)
;



-- -----------------------------------------------------
-- Table `sql7371032`.`table_medicals`
-- -----------------------------------------------------
DROP TABLE IF EXISTS `sql7371032`.`table_medicals` ;

CREATE TABLE IF NOT EXISTS `sql7371032`.`table_medicals` (
  `MeID` INT NOT NULL AUTO_INCREMENT,
  `IID` INT NOT NULL,
  `image` VARCHAR(32) NOT NULL,
  `name` VARCHAR(255) NOT NULL,
  `use_time` INT NOT NULL,
  `uses` INT NOT NULL,
  `hp_pool` INT NOT NULL,
  `max_hp_heal` INT NOT NULL,
  PRIMARY KEY (`MeID`),
    FOREIGN KEY (`IID`)
    REFERENCES `sql7371032`.`table_items` (`IID`)
    ON DELETE NO ACTION
    ON UPDATE NO ACTION)
;



-- -----------------------------------------------------
-- Table `sql7371032`.`table_medical_types`
-- -----------------------------------------------------
DROP TABLE IF EXISTS `sql7371032`.`table_medical_types` ;

CREATE TABLE IF NOT EXISTS `sql7371032`.`table_medical_types` (
  `MtID` INT NOT NULL,
  `name` VARCHAR(255) NOT NULL,
  PRIMARY KEY (`MtID`))
;


-- -----------------------------------------------------
-- Table `sql7371032`.`table_medicals_mt`
-- -----------------------------------------------------
DROP TABLE IF EXISTS `sql7371032`.`table_medicals_mt` ;

CREATE TABLE IF NOT EXISTS `sql7371032`.`table_medicals_mt` (
  `MeID` INT NOT NULL,
  `MtID` INT NOT NULL,
  PRIMARY KEY (`MeID`, `MtID`),
    FOREIGN KEY (`MeID`)
    REFERENCES `sql7371032`.`table_medicals` (`MeID`)
    ON DELETE NO ACTION
    ON UPDATE NO ACTION,
    FOREIGN KEY (`MtID`)
    REFERENCES `sql7371032`.`table_medical_types` (`MtID`)
    ON DELETE RESTRICT
    ON UPDATE RESTRICT)
;


-- -----------------------------------------------------
-- Table `sql7371032`.`table_provisions`
-- -----------------------------------------------------
DROP TABLE IF EXISTS `sql7371032`.`table_provisions` ;

CREATE TABLE IF NOT EXISTS `sql7371032`.`table_provisions` (
  `PID` INT NOT NULL,
  `IID` INT NOT NULL,
  `image` VARCHAR(32) NOT NULL,
  `name` VARCHAR(255) NOT NULL,
  `energy` INT NOT NULL,
  `hydration` INT NOT NULL,
  PRIMARY KEY (`PID`),
    FOREIGN KEY (`IID`)
    REFERENCES `sql7371032`.`table_items` (`IID`)
    ON DELETE NO ACTION
    ON UPDATE NO ACTION)
;



-- -----------------------------------------------------
-- Table `sql7371032`.`table_rigs`
-- -----------------------------------------------------
DROP TABLE IF EXISTS `sql7371032`.`table_rigs` ;

CREATE TABLE IF NOT EXISTS `sql7371032`.`table_rigs` (
  `RID` INT NOT NULL,
  `IID` INT NOT NULL,
  `image` VARCHAR(32) NOT NULL,
  `name` VARCHAR(255) NOT NULL,
  `weight` DECIMAL(30,2) NOT NULL,
  `size` INT NOT NULL,
  `armor` TINYINT NOT NULL,
  PRIMARY KEY (`RID`),
    FOREIGN KEY (`IID`)
    REFERENCES `sql7371032`.`table_items` (`IID`)
    ON DELETE NO ACTION
    ON UPDATE NO ACTION)
;



-- -----------------------------------------------------
-- Table `sql7371032`.`table_rigs_trader`
-- -----------------------------------------------------
DROP TABLE IF EXISTS `sql7371032`.`table_rigs_trader` ;

CREATE TABLE IF NOT EXISTS `sql7371032`.`table_rigs_trader` (
  `RID` INT NOT NULL,
  `TID` INT NOT NULL,
  `price` INT NULL,
  PRIMARY KEY (`RID`, `TID`),
    FOREIGN KEY (`RID`)
    REFERENCES `sql7371032`.`table_rigs` (`RID`)
    ON DELETE NO ACTION
    ON UPDATE NO ACTION,
    FOREIGN KEY (`TID`)
    REFERENCES `sql7371032`.`table_trader` (`TID`)
    ON DELETE NO ACTION
    ON UPDATE NO ACTION)
;



-- -----------------------------------------------------
-- Table `sql7371032`.`table_rigs_aa`
-- -----------------------------------------------------
DROP TABLE IF EXISTS `sql7371032`.`table_rigs_aa` ;

CREATE TABLE IF NOT EXISTS `sql7371032`.`table_rigs_aa` (
  `RID` INT NOT NULL,
  `AaID` INT NOT NULL,
  PRIMARY KEY (`RID`, `AaID`),
    FOREIGN KEY (`RID`)
    REFERENCES `sql7371032`.`table_rigs` (`RID`)
    ON DELETE NO ACTION
    ON UPDATE NO ACTION,
    FOREIGN KEY (`AaID`)
    REFERENCES `sql7371032`.`table_armor_attributes` (`AaID`)
    ON DELETE NO ACTION
    ON UPDATE NO ACTION)
;



-- -----------------------------------------------------
-- Table `sql7371032`.`table_rigs_zones`
-- -----------------------------------------------------
DROP TABLE IF EXISTS `sql7371032`.`table_rigs_zones` ;

CREATE TABLE IF NOT EXISTS `sql7371032`.`table_rigs_zones` (
  `AaID` INT NOT NULL,
  `AzID` INT NOT NULL,
  PRIMARY KEY (`AaID`, `AzID`),
    FOREIGN KEY (`AzID`)
    REFERENCES `sql7371032`.`table_armor_zones` (`AzID`)
    ON DELETE NO ACTION
    ON UPDATE NO ACTION,
    FOREIGN KEY (`AaID`)
    REFERENCES `sql7371032`.`table_armor_attributes` (`AaID`)
    ON DELETE NO ACTION
    ON UPDATE NO ACTION)
;



-- -----------------------------------------------------
-- Table `sql7371032`.`table_keys_maps_ls`
-- -----------------------------------------------------
DROP TABLE IF EXISTS `sql7371032`.`table_keys_maps_ls` ;

CREATE TABLE IF NOT EXISTS `sql7371032`.`table_keys_maps_ls` (
  `KmlD` INT NOT NULL AUTO_INCREMENT ,
  `KID` INT NOT NULL,
  `MID` INT NOT NULL,
  `LsID` INT NULL,
  PRIMARY KEY (`KmlD`),
    FOREIGN KEY (`KID`)
    REFERENCES `sql7371032`.`table_keys` (`KID`)
    ON DELETE NO ACTION
    ON UPDATE NO ACTION,
    FOREIGN KEY (`MID`)
    REFERENCES `sql7371032`.`table_maps` (`MID`)
    ON DELETE NO ACTION
    ON UPDATE NO ACTION,
    FOREIGN KEY (`LsID`)
    REFERENCES `sql7371032`.`table_loot_storages` (`LsID`)
    ON DELETE NO ACTION
    ON UPDATE NO ACTION)
;


USE `sql7371032` ;

-- -----------------------------------------------------
-- Placeholder table for view `sql7371032`.`view1`
-- -----------------------------------------------------
CREATE TABLE IF NOT EXISTS `sql7371032`.`view1` (`id` INT);

-- -----------------------------------------------------
-- View `sql7371032`.`view1`
-- -----------------------------------------------------
DROP TABLE IF EXISTS `sql7371032`.`view1`;
DROP VIEW IF EXISTS `sql7371032`.`view1` ;
USE `sql7371032`;


SET SQL_MODE=@OLD_SQL_MODE;
SET FOREIGN_KEY_CHECKS=@OLD_FOREIGN_KEY_CHECKS;
SET UNIQUE_CHECKS=@OLD_UNIQUE_CHECKS;

-- -----------------------------------------------------
-- Data for table `sql7371032`.`table_items`
-- -----------------------------------------------------
START TRANSACTION;
USE `sql7371032`;
INSERT INTO `sql7371032`.`table_items` (`IID`, `Name`) VALUES (1, 'Weapons');
INSERT INTO `sql7371032`.`table_items` (`IID`, `Name`) VALUES (2, 'Keys');
INSERT INTO `sql7371032`.`table_items` (`IID`, `Name`) VALUES (3, 'Loots');
INSERT INTO `sql7371032`.`table_items` (`IID`, `Name`) VALUES (4, 'Medicals');
INSERT INTO `sql7371032`.`table_items` (`IID`, `Name`) VALUES (5, 'Attachments');
INSERT INTO `sql7371032`.`table_items` (`IID`, `Name`) VALUES (6, 'Eyewears');
INSERT INTO `sql7371032`.`table_items` (`IID`, `Name`) VALUES (7, 'Armbands');
INSERT INTO `sql7371032`.`table_items` (`IID`, `Name`) VALUES (8, 'Backpacks');
INSERT INTO `sql7371032`.`table_items` (`IID`, `Name`) VALUES (9, 'Conatiners');
INSERT INTO `sql7371032`.`table_items` (`IID`, `Name`) VALUES (10, 'headsets');
INSERT INTO `sql7371032`.`table_items` (`IID`, `Name`) VALUES (11, 'provisions');
INSERT INTO `sql7371032`.`table_items` (`IID`, `Name`) VALUES (12, 'Secure Containers');
INSERT INTO `sql7371032`.`table_items` (`IID`, `Name`) VALUES (13, 'Rigs');

COMMIT;


-- -----------------------------------------------------
-- Data for table `sql7371032`.`table_armbands`
-- -----------------------------------------------------
START TRANSACTION;
USE `sql7371032`;
INSERT INTO `sql7371032`.`table_armbands` (`AbID`, `IID`, `image`, `name`, `color`) VALUES (1, 7, DEFAULT, 'Armband', 'white');
INSERT INTO `sql7371032`.`table_armbands` (`AbID`, `IID`, `image`, `name`, `color`) VALUES (2, 7, DEFAULT, 'Armband', 'red');
INSERT INTO `sql7371032`.`table_armbands` (`AbID`, `IID`, `image`, `name`, `color`) VALUES (3, 7, DEFAULT, 'Armband', 'blue');
INSERT INTO `sql7371032`.`table_armbands` (`AbID`, `IID`, `image`, `name`, `color`) VALUES (4, 7, DEFAULT, 'Armband', 'green');
INSERT INTO `sql7371032`.`table_armbands` (`AbID`, `IID`, `image`, `name`, `color`) VALUES (5, 7, DEFAULT, 'Armband', 'yellow');

COMMIT;


-- -----------------------------------------------------
-- Data for table `sql7371032`.`table_armor_zones`
-- -----------------------------------------------------
START TRANSACTION;
USE `sql7371032`;
INSERT INTO `sql7371032`.`table_armor_zones` (`AzID`, `name`) VALUES (1, 'Thorax');
INSERT INTO `sql7371032`.`table_armor_zones` (`AzID`, `name`) VALUES (2, 'Stomach');
INSERT INTO `sql7371032`.`table_armor_zones` (`AzID`, `name`) VALUES (3, 'Left arm');
INSERT INTO `sql7371032`.`table_armor_zones` (`AzID`, `name`) VALUES (4, 'Right arm');
INSERT INTO `sql7371032`.`table_armor_zones` (`AzID`, `name`) VALUES (5, 'Top');
INSERT INTO `sql7371032`.`table_armor_zones` (`AzID`, `name`) VALUES (6, 'Nape');
INSERT INTO `sql7371032`.`table_armor_zones` (`AzID`, `name`) VALUES (7, 'Ears');
INSERT INTO `sql7371032`.`table_armor_zones` (`AzID`, `name`) VALUES (8, 'Jaws');
INSERT INTO `sql7371032`.`table_armor_zones` (`AzID`, `name`) VALUES (9, 'Eyes');

COMMIT;


-- -----------------------------------------------------
-- Data for table `sql7371032`.`table_backpacks`
-- -----------------------------------------------------
START TRANSACTION;
USE `sql7371032`;
INSERT INTO `sql7371032`.`table_backpacks` (`BID`, `IID`, `name`, `image`, `inner_grid`, `outer_grid`, `slots`, `storage_efficiency`, `weight`) VALUES (1, 8, '6SH118 raid backpack', DEFAULT, '6x8', '6x7', 48, 1.14, 3.3);
INSERT INTO `sql7371032`.`table_backpacks` (`BID`, `IID`, `name`, `image`, `inner_grid`, `outer_grid`, `slots`, `storage_efficiency`, `weight`) VALUES (2, 8, 'Mystery Ranch Blackjack 50 backpack (multicam)', DEFAULT, '6x7', '5x7', 42, 1.2, 1.2);
INSERT INTO `sql7371032`.`table_backpacks` (`BID`, `IID`, `name`, `image`, `inner_grid`, `outer_grid`, `slots`, `storage_efficiency`, `weight`) VALUES (3, 8, 'SSO \"Attack 2\" raid backpack', DEFAULT, '5x7', '5x7', 35, 1, 1.3);
INSERT INTO `sql7371032`.`table_backpacks` (`BID`, `IID`, `name`, `image`, `inner_grid`, `outer_grid`, `slots`, `storage_efficiency`, `weight`) VALUES (4, 8, 'Pilgrim tourist backpack', DEFAULT, '5x7', '5x7', 35, 1, 1.5);
INSERT INTO `sql7371032`.`table_backpacks` (`BID`, `IID`, `name`, `image`, `inner_grid`, `outer_grid`, `slots`, `storage_efficiency`, `weight`) VALUES (5, 8, '3V H Paratus 3-Day Operator\'s Tactical Backpack', DEFAULT, '1x 5x7, 2x 1x2 , 1x 3x2', '5x7', 35, 1, 1.3);
INSERT INTO `sql7371032`.`table_backpacks` (`BID`, `IID`, `name`, `image`, `inner_grid`, `outer_grid`, `slots`, `storage_efficiency`, `weight`) VALUES (6, 8, 'LBT-2670 Slim Fiels Med Pack', DEFAULT, '5x7', '4x5', 35, 1.75, 1.6);
INSERT INTO `sql7371032`.`table_backpacks` (`BID`, `IID`, `name`, `image`, `inner_grid`, `outer_grid`, `slots`, `storage_efficiency`, `weight`) VALUES (7, 8, 'Oakley Machanism heavy duty backpack (black)', DEFAULT, '1x 4x4, 4x 2x2', '5x5', 32, 1.28, 1.25);
INSERT INTO `sql7371032`.`table_backpacks` (`BID`, `IID`, `name`, `image`, `inner_grid`, `outer_grid`, `slots`, `storage_efficiency`, `weight`) VALUES (8, 8, 'Camelbak Tri-Zip Backpack', DEFAULT, '5x6', '5x6', 30, 1, 1.3);
INSERT INTO `sql7371032`.`table_backpacks` (`BID`, `IID`, `name`, `image`, `inner_grid`, `outer_grid`, `slots`, `storage_efficiency`, `weight`) VALUES (9, 8, 'Ana tactical Beta 2 battle backpack', DEFAULT, '5x6', '5x5', 30, 1.2, 1.1);
INSERT INTO `sql7371032`.`table_backpacks` (`BID`, `IID`, `name`, `image`, `inner_grid`, `outer_grid`, `slots`, `storage_efficiency`, `weight`) VALUES (10, 8, 'Wartech Berkut VV-102 backpack', DEFAULT, '4x5', '4x5', 20, 1, 0.8);
INSERT INTO `sql7371032`.`table_backpacks` (`BID`, `IID`, `name`, `image`, `inner_grid`, `outer_grid`, `slots`, `storage_efficiency`, `weight`) VALUES (11, 8, 'LBT-8005A Day Pack backpack', DEFAULT, '4x5', '4x5', 20, 1, 0.560);
INSERT INTO `sql7371032`.`table_backpacks` (`BID`, `IID`, `name`, `image`, `inner_grid`, `outer_grid`, `slots`, `storage_efficiency`, `weight`) VALUES (12, 8, 'Scav Backpack', DEFAULT, '4x5', '4x5', 20, 1, 1.1);
INSERT INTO `sql7371032`.`table_backpacks` (`BID`, `IID`, `name`, `image`, `inner_grid`, `outer_grid`, `slots`, `storage_efficiency`, `weight`) VALUES (13, 8, 'Flyye MBSS Backpack', DEFAULT, '4x4', '4x4', 16, 1, 0.7);
INSERT INTO `sql7371032`.`table_backpacks` (`BID`, `IID`, `name`, `image`, `inner_grid`, `outer_grid`, `slots`, `storage_efficiency`, `weight`) VALUES (14, 8, 'Sanitar bag', DEFAULT, '4x4', '4x4', 16, 1, 1.2);
INSERT INTO `sql7371032`.`table_backpacks` (`BID`, `IID`, `name`, `image`, `inner_grid`, `outer_grid`, `slots`, `storage_efficiency`, `weight`) VALUES (15, 8, 'Dufle bag', DEFAULT, '4x3', '4x3', 12, 1, 0.9);
INSERT INTO `sql7371032`.`table_backpacks` (`BID`, `IID`, `name`, `image`, `inner_grid`, `outer_grid`, `slots`, `storage_efficiency`, `weight`) VALUES (16, 8, 'Transformer', DEFAULT, '3x3', '3x3', 9, 1, 0.7);
INSERT INTO `sql7371032`.`table_backpacks` (`BID`, `IID`, `name`, `image`, `inner_grid`, `outer_grid`, `slots`, `storage_efficiency`, `weight`) VALUES (17, 8, 'VKBO army bag', DEFAULT, '4x2', '3x4', 8, 0.66, 0.8);
INSERT INTO `sql7371032`.`table_backpacks` (`BID`, `IID`, `name`, `image`, `inner_grid`, `outer_grid`, `slots`, `storage_efficiency`, `weight`) VALUES (18, 8, 'Tactical sling bag', DEFAULT, '3x2', '3x3', 6, 0.66, 0.6);

COMMIT;


-- -----------------------------------------------------
-- Data for table `sql7371032`.`table_eyewears`
-- -----------------------------------------------------
START TRANSACTION;
USE `sql7371032`;
INSERT INTO `sql7371032`.`table_eyewears` (`EwID`, `IID`, `image`, `name`) VALUES (1, 6, DEFAULT, 'Tactical glasses');
INSERT INTO `sql7371032`.`table_eyewears` (`EwID`, `IID`, `image`, `name`) VALUES (2, 6, DEFAULT, 'Anti-Fragmentation glasses');
INSERT INTO `sql7371032`.`table_eyewears` (`EwID`, `IID`, `image`, `name`) VALUES (3, 6, DEFAULT, '6B34 Anti-Fragmentation glasses');
INSERT INTO `sql7371032`.`table_eyewears` (`EwID`, `IID`, `image`, `name`) VALUES (4, 6, DEFAULT, 'Round frame sunglasses');
INSERT INTO `sql7371032`.`table_eyewears` (`EwID`, `IID`, `image`, `name`) VALUES (5, 6, DEFAULT, 'Dundukk sport sundglasses');
INSERT INTO `sql7371032`.`table_eyewears` (`EwID`, `IID`, `image`, `name`) VALUES (6, 6, DEFAULT, 'SI M frame safety glasses');
INSERT INTO `sql7371032`.`table_eyewears` (`EwID`, `IID`, `image`, `name`) VALUES (7, 6, DEFAULT, 'Pyramex Proximity safety glasses');
INSERT INTO `sql7371032`.`table_eyewears` (`EwID`, `IID`, `image`, `name`) VALUES (8, 6, DEFAULT, 'RayBench Aviator glasses');
INSERT INTO `sql7371032`.`table_eyewears` (`EwID`, `IID`, `image`, `name`) VALUES (9, 6, DEFAULT, 'Crossbow tactical glasses');
INSERT INTO `sql7371032`.`table_eyewears` (`EwID`, `IID`, `image`, `name`) VALUES (10, 6, DEFAULT, 'Gascan glasses');
INSERT INTO `sql7371032`.`table_eyewears` (`EwID`, `IID`, `image`, `name`) VALUES (11, 6, DEFAULT, 'Special Twitch Rivals 2020 glasses');

COMMIT;


-- -----------------------------------------------------
-- Data for table `sql7371032`.`table_headsets`
-- -----------------------------------------------------
START TRANSACTION;
USE `sql7371032`;
INSERT INTO `sql7371032`.`table_headsets` (`HID`, `IID`, `image`, `name`) VALUES (1, 10, DEFAULT, 'Ops-Core FAST RAC Headset');
INSERT INTO `sql7371032`.`table_headsets` (`HID`, `IID`, `image`, `name`) VALUES (2, 10, DEFAULT, 'Peltor ComTac 2 Headset');
INSERT INTO `sql7371032`.`table_headsets` (`HID`, `IID`, `image`, `name`) VALUES (3, 10, DEFAULT, 'MSA Sordin Supreme PRO-X/L active Headphone');
INSERT INTO `sql7371032`.`table_headsets` (`HID`, `IID`, `image`, `name`) VALUES (4, 10, DEFAULT, 'GSSH-01 active Headset');
INSERT INTO `sql7371032`.`table_headsets` (`HID`, `IID`, `image`, `name`) VALUES (5, 10, DEFAULT, 'Peltor Tactical Sport Headset');
INSERT INTO `sql7371032`.`table_headsets` (`HID`, `IID`, `image`, `name`) VALUES (6, 10, DEFAULT, 'Walker\'s Razor Digital Headset');

COMMIT;


-- -----------------------------------------------------
-- Data for table `sql7371032`.`table_secure_containers`
-- -----------------------------------------------------
START TRANSACTION;
USE `sql7371032`;
INSERT INTO `sql7371032`.`table_secure_containers` (`ScID`, `IID`, `image`, `name`, `inner_grid`, `total_slots`) VALUES (1, 12, DEFAULT, 'Secure Container Kappa', '3x4', 12);
INSERT INTO `sql7371032`.`table_secure_containers` (`ScID`, `IID`, `image`, `name`, `inner_grid`, `total_slots`) VALUES (2, 12, DEFAULT, 'Secure Container Gamma', '3x3', 9);
INSERT INTO `sql7371032`.`table_secure_containers` (`ScID`, `IID`, `image`, `name`, `inner_grid`, `total_slots`) VALUES (3, 12, DEFAULT, 'Secure Container Epsilon', '4x2', 8);
INSERT INTO `sql7371032`.`table_secure_containers` (`ScID`, `IID`, `image`, `name`, `inner_grid`, `total_slots`) VALUES (4, 12, DEFAULT, 'Secure Container Beta', '3x2', 6);
INSERT INTO `sql7371032`.`table_secure_containers` (`ScID`, `IID`, `image`, `name`, `inner_grid`, `total_slots`) VALUES (5, 12, DEFAULT, 'Secure Container Alpha', '2x2', 4);

COMMIT;


-- -----------------------------------------------------
-- Data for table `sql7371032`.`table_calibers`
-- -----------------------------------------------------
START TRANSACTION;
USE `sql7371032`;
INSERT INTO `sql7371032`.`table_calibers` (`CID`, `name`) VALUES (1, '12 Gauge Shot');
INSERT INTO `sql7371032`.`table_calibers` (`CID`, `name`) VALUES (2, '12 Gauge Slugs');
INSERT INTO `sql7371032`.`table_calibers` (`CID`, `name`) VALUES (3, '20 Gauge');
INSERT INTO `sql7371032`.`table_calibers` (`CID`, `name`) VALUES (4, '9x18 mm');
INSERT INTO `sql7371032`.`table_calibers` (`CID`, `name`) VALUES (5, '7.62x25 mm');
INSERT INTO `sql7371032`.`table_calibers` (`CID`, `name`) VALUES (6, '9x19 mm');
INSERT INTO `sql7371032`.`table_calibers` (`CID`, `name`) VALUES (7, '.45');
INSERT INTO `sql7371032`.`table_calibers` (`CID`, `name`) VALUES (8, '9x21 mm');
INSERT INTO `sql7371032`.`table_calibers` (`CID`, `name`) VALUES (9, '5.7x28 mm');
INSERT INTO `sql7371032`.`table_calibers` (`CID`, `name`) VALUES (10, '4.6x30 mm');
INSERT INTO `sql7371032`.`table_calibers` (`CID`, `name`) VALUES (11, '9x39 mm');
INSERT INTO `sql7371032`.`table_calibers` (`CID`, `name`) VALUES (12, '.366');
INSERT INTO `sql7371032`.`table_calibers` (`CID`, `name`) VALUES (13, '5.56x45 mm');
INSERT INTO `sql7371032`.`table_calibers` (`CID`, `name`) VALUES (14, '7.62x39 mm');
INSERT INTO `sql7371032`.`table_calibers` (`CID`, `name`) VALUES (15, '7.62x51 mm');
INSERT INTO `sql7371032`.`table_calibers` (`CID`, `name`) VALUES (16, '7.62x54 R');
INSERT INTO `sql7371032`.`table_calibers` (`CID`, `name`) VALUES (17, '12.7x55 mm');
INSERT INTO `sql7371032`.`table_calibers` (`CID`, `name`) VALUES (18, 'Mounted Weapons');
INSERT INTO `sql7371032`.`table_calibers` (`CID`, `name`) VALUES (19, '5.45x39 mm');
INSERT INTO `sql7371032`.`table_calibers` (`CID`, `name`) VALUES (20, '12x70 mm');
INSERT INTO `sql7371032`.`table_calibers` (`CID`, `name`) VALUES (21, '20x70 mm');
INSERT INTO `sql7371032`.`table_calibers` (`CID`, `name`) VALUES (22, '40x60 mm');

COMMIT;


-- -----------------------------------------------------
-- Data for table `sql7371032`.`table_weapon_types`
-- -----------------------------------------------------
START TRANSACTION;
USE `sql7371032`;
INSERT INTO `sql7371032`.`table_weapon_types` (`WtID`, `name`) VALUES (1, 'Assault rifles');
INSERT INTO `sql7371032`.`table_weapon_types` (`WtID`, `name`) VALUES (2, 'Assault carabines');
INSERT INTO `sql7371032`.`table_weapon_types` (`WtID`, `name`) VALUES (3, 'Light machine guns');
INSERT INTO `sql7371032`.`table_weapon_types` (`WtID`, `name`) VALUES (4, 'Submachine guns');
INSERT INTO `sql7371032`.`table_weapon_types` (`WtID`, `name`) VALUES (5, 'Shotguns');
INSERT INTO `sql7371032`.`table_weapon_types` (`WtID`, `name`) VALUES (6, 'Designated marksmann rifles');
INSERT INTO `sql7371032`.`table_weapon_types` (`WtID`, `name`) VALUES (7, 'Sniper rifles');
INSERT INTO `sql7371032`.`table_weapon_types` (`WtID`, `name`) VALUES (8, 'Pistols');
INSERT INTO `sql7371032`.`table_weapon_types` (`WtID`, `name`) VALUES (9, 'Granade launchers');

COMMIT;


-- -----------------------------------------------------
-- Data for table `sql7371032`.`table_weapons`
-- -----------------------------------------------------
START TRANSACTION;
USE `sql7371032`;
INSERT INTO `sql7371032`.`table_weapons` (`WID`, `IID`, `WtID`, `CID`, `name`, `image`, `accuracy`, `vertical_recoil`, `horizontal_recoil`, `ergonomic`, `rate_of_fire`, `effective_range`) VALUES (1, 1, 8, 4, 'PM', DEFAULT, 13.41, 510, 325, 85, 30, 50);
INSERT INTO `sql7371032`.`table_weapons` (`WID`, `IID`, `WtID`, `CID`, `name`, `image`, `accuracy`, `vertical_recoil`, `horizontal_recoil`, `ergonomic`, `rate_of_fire`, `effective_range`) VALUES (2, 1, 8, 4, 'PB', DEFAULT, 10.31, 455, 260, 80, 30, 50);
INSERT INTO `sql7371032`.`table_weapons` (`WID`, `IID`, `WtID`, `CID`, `name`, `image`, `accuracy`, `vertical_recoil`, `horizontal_recoil`, `ergonomic`, `rate_of_fire`, `effective_range`) VALUES (3, 1, 8, 5, 'TT', DEFAULT, 0, 650, 325, 70, 30, 50);
INSERT INTO `sql7371032`.`table_weapons` (`WID`, `IID`, `WtID`, `CID`, `name`, `image`, `accuracy`, `vertical_recoil`, `horizontal_recoil`, `ergonomic`, `rate_of_fire`, `effective_range`) VALUES (4, 1, 8, 6, 'P226R', DEFAULT, 0, 305, 490, 80, 30, 50);
INSERT INTO `sql7371032`.`table_weapons` (`WID`, `IID`, `WtID`, `CID`, `name`, `image`, `accuracy`, `vertical_recoil`, `horizontal_recoil`, `ergonomic`, `rate_of_fire`, `effective_range`) VALUES (5, 1, 8, 6, 'MP-443 Grach', DEFAULT, 14.44, 520, 325, 75, 30, 50);
INSERT INTO `sql7371032`.`table_weapons` (`WID`, `IID`, `WtID`, `CID`, `name`, `image`, `accuracy`, `vertical_recoil`, `horizontal_recoil`, `ergonomic`, `rate_of_fire`, `effective_range`) VALUES (6, 1, 8, 4, 'PM (t)', DEFAULT, 13.06, 510, 325, 80, 30, 50);
INSERT INTO `sql7371032`.`table_weapons` (`WID`, `IID`, `WtID`, `CID`, `name`, `image`, `accuracy`, `vertical_recoil`, `horizontal_recoil`, `ergonomic`, `rate_of_fire`, `effective_range`) VALUES (7, 1, 8, 8, 'SR-1MP', DEFAULT, 7.56, 520, 325, 82, 30, 50);
INSERT INTO `sql7371032`.`table_weapons` (`WID`, `IID`, `WtID`, `CID`, `name`, `image`, `accuracy`, `vertical_recoil`, `horizontal_recoil`, `ergonomic`, `rate_of_fire`, `effective_range`) VALUES (8, 1, 8, 6, 'GLOCK17', DEFAULT, 0, 365, 260, 90, 30, 50);
INSERT INTO `sql7371032`.`table_weapons` (`WID`, `IID`, `WtID`, `CID`, `name`, `image`, `accuracy`, `vertical_recoil`, `horizontal_recoil`, `ergonomic`, `rate_of_fire`, `effective_range`) VALUES (9, 1, 8, 4, 'APS', DEFAULT, 11, 455, 260, 80, 750, 50);
INSERT INTO `sql7371032`.`table_weapons` (`WID`, `IID`, `WtID`, `CID`, `name`, `image`, `accuracy`, `vertical_recoil`, `horizontal_recoil`, `ergonomic`, `rate_of_fire`, `effective_range`) VALUES (10, 1, 8, 4, 'APB', DEFAULT, 10.31, 455, 260, 70, 750, 50);
INSERT INTO `sql7371032`.`table_weapons` (`WID`, `IID`, `WtID`, `CID`, `name`, `image`, `accuracy`, `vertical_recoil`, `horizontal_recoil`, `ergonomic`, `rate_of_fire`, `effective_range`) VALUES (11, 1, 8, 6, 'GLOCK18C', DEFAULT, 0, 360, 286, 60, 1200, 50);
INSERT INTO `sql7371032`.`table_weapons` (`WID`, `IID`, `WtID`, `CID`, `name`, `image`, `accuracy`, `vertical_recoil`, `horizontal_recoil`, `ergonomic`, `rate_of_fire`, `effective_range`) VALUES (12, 1, 1, 14, 'VPO-136', DEFAULT, 96, 160, 360, 30, 600, 400);
INSERT INTO `sql7371032`.`table_weapons` (`WID`, `IID`, `WtID`, `CID`, `name`, `image`, `accuracy`, `vertical_recoil`, `horizontal_recoil`, `ergonomic`, `rate_of_fire`, `effective_range`) VALUES (13, 1, 1, 12, 'VPO-209', DEFAULT, 2.23, 290, 485, 30, 600, 400);
INSERT INTO `sql7371032`.`table_weapons` (`WID`, `IID`, `WtID`, `CID`, `name`, `image`, `accuracy`, `vertical_recoil`, `horizontal_recoil`, `ergonomic`, `rate_of_fire`, `effective_range`) VALUES (14, 1, 1, 19, 'AKS-74U', DEFAULT, 3.44, 152, 455, 40, 650, 300);
INSERT INTO `sql7371032`.`table_weapons` (`WID`, `IID`, `WtID`, `CID`, `name`, `image`, `accuracy`, `vertical_recoil`, `horizontal_recoil`, `ergonomic`, `rate_of_fire`, `effective_range`) VALUES (15, 1, 1, 19, 'AKS-74UB', DEFAULT, 3.44, 152, 455, 40, 650, 100);
INSERT INTO `sql7371032`.`table_weapons` (`WID`, `IID`, `WtID`, `CID`, `name`, `image`, `accuracy`, `vertical_recoil`, `horizontal_recoil`, `ergonomic`, `rate_of_fire`, `effective_range`) VALUES (16, 1, 1, 19, 'AKS-74UN', DEFAULT, 3.44, 152, 455, 40, 650, 300);
INSERT INTO `sql7371032`.`table_weapons` (`WID`, `IID`, `WtID`, `CID`, `name`, `image`, `accuracy`, `vertical_recoil`, `horizontal_recoil`, `ergonomic`, `rate_of_fire`, `effective_range`) VALUES (17, 1, 1, 19, 'AK-74N', DEFAULT, 1.98, 157, 412, 36, 650, 650);
INSERT INTO `sql7371032`.`table_weapons` (`WID`, `IID`, `WtID`, `CID`, `name`, `image`, `accuracy`, `vertical_recoil`, `horizontal_recoil`, `ergonomic`, `rate_of_fire`, `effective_range`) VALUES (18, 1, 1, 14, 'AKM', DEFAULT, 2.3, 194, 448, 26, 600, 400);
INSERT INTO `sql7371032`.`table_weapons` (`WID`, `IID`, `WtID`, `CID`, `name`, `image`, `accuracy`, `vertical_recoil`, `horizontal_recoil`, `ergonomic`, `rate_of_fire`, `effective_range`) VALUES (19, 1, 1, 13, 'M4A1', DEFAULT, 0.36, 147, 405, 48, 800, 500);
INSERT INTO `sql7371032`.`table_weapons` (`WID`, `IID`, `WtID`, `CID`, `name`, `image`, `accuracy`, `vertical_recoil`, `horizontal_recoil`, `ergonomic`, `rate_of_fire`, `effective_range`) VALUES (20, 1, 2, 11, 'AS VAL', DEFAULT, 0.69, 135, 195, 43, 900, 400);
INSERT INTO `sql7371032`.`table_weapons` (`WID`, `IID`, `WtID`, `CID`, `name`, `image`, `accuracy`, `vertical_recoil`, `horizontal_recoil`, `ergonomic`, `rate_of_fire`, `effective_range`) VALUES (21, 1, 1, 14, 'AKMN', DEFAULT, 2.27, 193, 448, 26, 600, 400);
INSERT INTO `sql7371032`.`table_weapons` (`WID`, `IID`, `WtID`, `CID`, `name`, `image`, `accuracy`, `vertical_recoil`, `horizontal_recoil`, `ergonomic`, `rate_of_fire`, `effective_range`) VALUES (22, 1, 1, 14, 'AKMS', DEFAULT, 2.3, 195, 448, 24, 600, 400);
INSERT INTO `sql7371032`.`table_weapons` (`WID`, `IID`, `WtID`, `CID`, `name`, `image`, `accuracy`, `vertical_recoil`, `horizontal_recoil`, `ergonomic`, `rate_of_fire`, `effective_range`) VALUES (23, 1, 1, 13, 'AK-101', DEFAULT, 1.56, 150, 405, 35, 650, 650);
INSERT INTO `sql7371032`.`table_weapons` (`WID`, `IID`, `WtID`, `CID`, `name`, `image`, `accuracy`, `vertical_recoil`, `horizontal_recoil`, `ergonomic`, `rate_of_fire`, `effective_range`) VALUES (24, 1, 1, 13, 'AK-102', DEFAULT, 1.72, 154, 402, 43, 600, 650);
INSERT INTO `sql7371032`.`table_weapons` (`WID`, `IID`, `WtID`, `CID`, `name`, `image`, `accuracy`, `vertical_recoil`, `horizontal_recoil`, `ergonomic`, `rate_of_fire`, `effective_range`) VALUES (25, 1, 1, 14, 'Ak-103', DEFAULT, 2.12, 174, 422, 35, 600, 650);
INSERT INTO `sql7371032`.`table_weapons` (`WID`, `IID`, `WtID`, `CID`, `name`, `image`, `accuracy`, `vertical_recoil`, `horizontal_recoil`, `ergonomic`, `rate_of_fire`, `effective_range`) VALUES (26, 1, 1, 14, 'AK-104', DEFAULT, 2.3, 186, 422, 43, 600, 650);
INSERT INTO `sql7371032`.`table_weapons` (`WID`, `IID`, `WtID`, `CID`, `name`, `image`, `accuracy`, `vertical_recoil`, `horizontal_recoil`, `ergonomic`, `rate_of_fire`, `effective_range`) VALUES (27, 1, 1, 19, 'AK-105', DEFAULT, 2.06, 165, 413, 43, 600, 650);
INSERT INTO `sql7371032`.`table_weapons` (`WID`, `IID`, `WtID`, `CID`, `name`, `image`, `accuracy`, `vertical_recoil`, `horizontal_recoil`, `ergonomic`, `rate_of_fire`, `effective_range`) VALUES (28, 1, 1, 19, 'AK-74M', DEFAULT, 1.89, 146, 409, 35, 650, 600);
INSERT INTO `sql7371032`.`table_weapons` (`WID`, `IID`, `WtID`, `CID`, `name`, `image`, `accuracy`, `vertical_recoil`, `horizontal_recoil`, `ergonomic`, `rate_of_fire`, `effective_range`) VALUES (29, 1, 1, 19, 'AKS-74N', DEFAULT, 1.99, 145, 397, 30, 650, 650);
INSERT INTO `sql7371032`.`table_weapons` (`WID`, `IID`, `WtID`, `CID`, `name`, `image`, `accuracy`, `vertical_recoil`, `horizontal_recoil`, `ergonomic`, `rate_of_fire`, `effective_range`) VALUES (30, 1, 1, 14, 'AKMSN', DEFAULT, 2.3, 195, 448, 24, 600, 400);
INSERT INTO `sql7371032`.`table_weapons` (`WID`, `IID`, `WtID`, `CID`, `name`, `image`, `accuracy`, `vertical_recoil`, `horizontal_recoil`, `ergonomic`, `rate_of_fire`, `effective_range`) VALUES (31, 1, 1, 13, 'ADAR 2-15', DEFAULT, 0.36, 149, 407, 42, 800, 500);
INSERT INTO `sql7371032`.`table_weapons` (`WID`, `IID`, `WtID`, `CID`, `name`, `image`, `accuracy`, `vertical_recoil`, `horizontal_recoil`, `ergonomic`, `rate_of_fire`, `effective_range`) VALUES (32, 1, 1, 13, 'HK 416A5', DEFAULT, 0.36, 156, 413, 51, 850, 500);
INSERT INTO `sql7371032`.`table_weapons` (`WID`, `IID`, `WtID`, `CID`, `name`, `image`, `accuracy`, `vertical_recoil`, `horizontal_recoil`, `ergonomic`, `rate_of_fire`, `effective_range`) VALUES (33, 1, 4, 6, 'Saiga-9', DEFAULT, 2.41, 55, 305, 32, 650, 300);
INSERT INTO `sql7371032`.`table_weapons` (`WID`, `IID`, `WtID`, `CID`, `name`, `image`, `accuracy`, `vertical_recoil`, `horizontal_recoil`, `ergonomic`, `rate_of_fire`, `effective_range`) VALUES (34, 1, 4, 4, 'PP-91 Kedr', DEFAULT, 8.59, 65, 235, 65, 900, 100);
INSERT INTO `sql7371032`.`table_weapons` (`WID`, `IID`, `WtID`, `CID`, `name`, `image`, `accuracy`, `vertical_recoil`, `horizontal_recoil`, `ergonomic`, `rate_of_fire`, `effective_range`) VALUES (35, 1, 4, 4, 'PP-91 Kedr-B', DEFAULT, 6.88, 65, 235, 65, 900, 100);
INSERT INTO `sql7371032`.`table_weapons` (`WID`, `IID`, `WtID`, `CID`, `name`, `image`, `accuracy`, `vertical_recoil`, `horizontal_recoil`, `ergonomic`, `rate_of_fire`, `effective_range`) VALUES (36, 1, 4, 4, 'PP-9 Klin', DEFAULT, 8.59, 65, 235, 65, 1000, 100);
INSERT INTO `sql7371032`.`table_weapons` (`WID`, `IID`, `WtID`, `CID`, `name`, `image`, `accuracy`, `vertical_recoil`, `horizontal_recoil`, `ergonomic`, `rate_of_fire`, `effective_range`) VALUES (37, 1, 4, 6, 'PP-19-01', DEFAULT, 3.44, 84, 350, 35, 650, 200);
INSERT INTO `sql7371032`.`table_weapons` (`WID`, `IID`, `WtID`, `CID`, `name`, `image`, `accuracy`, `vertical_recoil`, `horizontal_recoil`, `ergonomic`, `rate_of_fire`, `effective_range`) VALUES (38, 1, 4, 6, 'MP5', DEFAULT, 6.86, 73, 340, 50, 800, 200);
INSERT INTO `sql7371032`.`table_weapons` (`WID`, `IID`, `WtID`, `CID`, `name`, `image`, `accuracy`, `vertical_recoil`, `horizontal_recoil`, `ergonomic`, `rate_of_fire`, `effective_range`) VALUES (39, 1, 4, 6, 'MPX', DEFAULT, 0, 67, 333, 40, 850, 500);
INSERT INTO `sql7371032`.`table_weapons` (`WID`, `IID`, `WtID`, `CID`, `name`, `image`, `accuracy`, `vertical_recoil`, `horizontal_recoil`, `ergonomic`, `rate_of_fire`, `effective_range`) VALUES (40, 1, 4, 10, 'MP7A1', DEFAULT, 8.59, 65, 221, 65, 950, 200);
INSERT INTO `sql7371032`.`table_weapons` (`WID`, `IID`, `WtID`, `CID`, `name`, `image`, `accuracy`, `vertical_recoil`, `horizontal_recoil`, `ergonomic`, `rate_of_fire`, `effective_range`) VALUES (41, 1, 4, 10, 'Mp7A2', DEFAULT, 8.59, 65, 221, 65, 950, 200);
INSERT INTO `sql7371032`.`table_weapons` (`WID`, `IID`, `WtID`, `CID`, `name`, `image`, `accuracy`, `vertical_recoil`, `horizontal_recoil`, `ergonomic`, `rate_of_fire`, `effective_range`) VALUES (42, 1, 5, 20, 'Saiga 12ga', DEFAULT, 18.91, 390, 650, 35, 40, 70);
INSERT INTO `sql7371032`.`table_weapons` (`WID`, `IID`, `WtID`, `CID`, `name`, `image`, `accuracy`, `vertical_recoil`, `horizontal_recoil`, `ergonomic`, `rate_of_fire`, `effective_range`) VALUES (43, 1, 5, 20, 'MR-133', DEFAULT, 16.5, 520, 650, 40, 30, 70);
INSERT INTO `sql7371032`.`table_weapons` (`WID`, `IID`, `WtID`, `CID`, `name`, `image`, `accuracy`, `vertical_recoil`, `horizontal_recoil`, `ergonomic`, `rate_of_fire`, `effective_range`) VALUES (44, 1, 5, 20, 'MP-153', DEFAULT, 17.19, 455, 585, 40, 40, 70);
INSERT INTO `sql7371032`.`table_weapons` (`WID`, `IID`, `WtID`, `CID`, `name`, `image`, `accuracy`, `vertical_recoil`, `horizontal_recoil`, `ergonomic`, `rate_of_fire`, `effective_range`) VALUES (45, 1, 5, 21, 'TOZ-106', DEFAULT, 18.91, 780, 650, 60, 30, 70);
INSERT INTO `sql7371032`.`table_weapons` (`WID`, `IID`, `WtID`, `CID`, `name`, `image`, `accuracy`, `vertical_recoil`, `horizontal_recoil`, `ergonomic`, `rate_of_fire`, `effective_range`) VALUES (46, 1, 5, 20, 'M870', DEFAULT, 13.75, 520, 650, 45, 30, 70);
INSERT INTO `sql7371032`.`table_weapons` (`WID`, `IID`, `WtID`, `CID`, `name`, `image`, `accuracy`, `vertical_recoil`, `horizontal_recoil`, `ergonomic`, `rate_of_fire`, `effective_range`) VALUES (47, 1, 2, 14, 'SKS', DEFAULT, 1.72, 182, 400, 40, 40, 400);
INSERT INTO `sql7371032`.`table_weapons` (`WID`, `IID`, `WtID`, `CID`, `name`, `image`, `accuracy`, `vertical_recoil`, `horizontal_recoil`, `ergonomic`, `rate_of_fire`, `effective_range`) VALUES (48, 1, 2, 14, 'OP-SKS', DEFAULT, 2.41, 182, 400, 40, 40, 400);
INSERT INTO `sql7371032`.`table_weapons` (`WID`, `IID`, `WtID`, `CID`, `name`, `image`, `accuracy`, `vertical_recoil`, `horizontal_recoil`, `ergonomic`, `rate_of_fire`, `effective_range`) VALUES (49, 1, 2, 11, 'VSS', DEFAULT, 0.34, 135, 195, 43, 900, 400);
INSERT INTO `sql7371032`.`table_weapons` (`WID`, `IID`, `WtID`, `CID`, `name`, `image`, `accuracy`, `vertical_recoil`, `horizontal_recoil`, `ergonomic`, `rate_of_fire`, `effective_range`) VALUES (50, 1, 7, 16, 'SV-98', DEFAULT, 0.55, 156, 520, 39, 30, 1000);
INSERT INTO `sql7371032`.`table_weapons` (`WID`, `IID`, `WtID`, `CID`, `name`, `image`, `accuracy`, `vertical_recoil`, `horizontal_recoil`, `ergonomic`, `rate_of_fire`, `effective_range`) VALUES (51, 1, 7, 15, 'DVL-10', DEFAULT, 0.17, 130, 650, 30, 30, 1000);
INSERT INTO `sql7371032`.`table_weapons` (`WID`, `IID`, `WtID`, `CID`, `name`, `image`, `accuracy`, `vertical_recoil`, `horizontal_recoil`, `ergonomic`, `rate_of_fire`, `effective_range`) VALUES (52, 1, 6, 15, 'RSASS', DEFAULT, 0, 270, 560, 35, 700, 900);
INSERT INTO `sql7371032`.`table_weapons` (`WID`, `IID`, `WtID`, `CID`, `name`, `image`, `accuracy`, `vertical_recoil`, `horizontal_recoil`, `ergonomic`, `rate_of_fire`, `effective_range`) VALUES (53, 1, 6, 15, 'M1A', DEFAULT, 0.69, 286, 514, 28, 700, 700);
INSERT INTO `sql7371032`.`table_weapons` (`WID`, `IID`, `WtID`, `CID`, `name`, `image`, `accuracy`, `vertical_recoil`, `horizontal_recoil`, `ergonomic`, `rate_of_fire`, `effective_range`) VALUES (54, 1, 6, 15, 'SA-58', DEFAULT, 0, 350, 600, 31, 700, 900);
INSERT INTO `sql7371032`.`table_weapons` (`WID`, `IID`, `WtID`, `CID`, `name`, `image`, `accuracy`, `vertical_recoil`, `horizontal_recoil`, `ergonomic`, `rate_of_fire`, `effective_range`) VALUES (55, 1, 7, 16, 'Mosin', DEFAULT, 0.38, 338, 975, 13, 30, 1000);
INSERT INTO `sql7371032`.`table_weapons` (`WID`, `IID`, `WtID`, `CID`, `name`, `image`, `accuracy`, `vertical_recoil`, `horizontal_recoil`, `ergonomic`, `rate_of_fire`, `effective_range`) VALUES (56, 1, 7, 16, 'Mosin Infantry', DEFAULT, 0.38, 338, 975, 13, 30, 1000);
INSERT INTO `sql7371032`.`table_weapons` (`WID`, `IID`, `WtID`, `CID`, `name`, `image`, `accuracy`, `vertical_recoil`, `horizontal_recoil`, `ergonomic`, `rate_of_fire`, `effective_range`) VALUES (57, 1, 7, 16, 'M700', DEFAULT, 0.37, 234, 845, 23, 30, 1000);
INSERT INTO `sql7371032`.`table_weapons` (`WID`, `IID`, `WtID`, `CID`, `name`, `image`, `accuracy`, `vertical_recoil`, `horizontal_recoil`, `ergonomic`, `rate_of_fire`, `effective_range`) VALUES (58, 1, 3, 19, 'RPK-16', DEFAULT, 1.38, 131, 370, 45, 650, 650);
INSERT INTO `sql7371032`.`table_weapons` (`WID`, `IID`, `WtID`, `CID`, `name`, `image`, `accuracy`, `vertical_recoil`, `horizontal_recoil`, `ergonomic`, `rate_of_fire`, `effective_range`) VALUES (59, 1, 1, 15, 'DT MDR 7.62x51', DEFAULT, 0, 125, 295, 72, 650, 500);
INSERT INTO `sql7371032`.`table_weapons` (`WID`, `IID`, `WtID`, `CID`, `name`, `image`, `accuracy`, `vertical_recoil`, `horizontal_recoil`, `ergonomic`, `rate_of_fire`, `effective_range`) VALUES (60, 1, 1, 13, 'DT MDR 5.56x45', DEFAULT, 0.36, 87, 242, 72, 650, 500);
INSERT INTO `sql7371032`.`table_weapons` (`WID`, `IID`, `WtID`, `CID`, `name`, `image`, `accuracy`, `vertical_recoil`, `horizontal_recoil`, `ergonomic`, `rate_of_fire`, `effective_range`) VALUES (61, 1, 7, 15, 'T-5000', DEFAULT, 0.17, 165, 630, 25, 30, 1000);
INSERT INTO `sql7371032`.`table_weapons` (`WID`, `IID`, `WtID`, `CID`, `name`, `image`, `accuracy`, `vertical_recoil`, `horizontal_recoil`, `ergonomic`, `rate_of_fire`, `effective_range`) VALUES (62, 1, 7, 12, 'VPO-215', DEFAULT, 0.42, 245, 585, 26, 30, 1000);
INSERT INTO `sql7371032`.`table_weapons` (`WID`, `IID`, `WtID`, `CID`, `name`, `image`, `accuracy`, `vertical_recoil`, `horizontal_recoil`, `ergonomic`, `rate_of_fire`, `effective_range`) VALUES (63, 1, 2, 15, 'VPO-101 Hunter', DEFAULT, 2.17, 400, 650, 29, 600, 400);
INSERT INTO `sql7371032`.`table_weapons` (`WID`, `IID`, `WtID`, `CID`, `name`, `image`, `accuracy`, `vertical_recoil`, `horizontal_recoil`, `ergonomic`, `rate_of_fire`, `effective_range`) VALUES (64, 1, 8, 6, 'M9A3', DEFAULT, 0, 515, 280, 70, 30, 50);
INSERT INTO `sql7371032`.`table_weapons` (`WID`, `IID`, `WtID`, `CID`, `name`, `image`, `accuracy`, `vertical_recoil`, `horizontal_recoil`, `ergonomic`, `rate_of_fire`, `effective_range`) VALUES (65, 1, 8, 9, 'FN 5-7', DEFAULT, 0, 330, 240, 86, 30, 50);
INSERT INTO `sql7371032`.`table_weapons` (`WID`, `IID`, `WtID`, `CID`, `name`, `image`, `accuracy`, `vertical_recoil`, `horizontal_recoil`, `ergonomic`, `rate_of_fire`, `effective_range`) VALUES (66, 1, 8, 9, 'FN 5-7 FDE', DEFAULT, 0, 330, 240, 86, 30, 50);
INSERT INTO `sql7371032`.`table_weapons` (`WID`, `IID`, `WtID`, `CID`, `name`, `image`, `accuracy`, `vertical_recoil`, `horizontal_recoil`, `ergonomic`, `rate_of_fire`, `effective_range`) VALUES (67, 1, 8, 7, 'M1911A1', DEFAULT, 0, 530, 355, 75, 30, 50);
INSERT INTO `sql7371032`.`table_weapons` (`WID`, `IID`, `WtID`, `CID`, `name`, `image`, `accuracy`, `vertical_recoil`, `horizontal_recoil`, `ergonomic`, `rate_of_fire`, `effective_range`) VALUES (68, 1, 4, 6, 'MP5K-N', DEFAULT, 7.56, 75, 330, 55, 900, 200);
INSERT INTO `sql7371032`.`table_weapons` (`WID`, `IID`, `WtID`, `CID`, `name`, `image`, `accuracy`, `vertical_recoil`, `horizontal_recoil`, `ergonomic`, `rate_of_fire`, `effective_range`) VALUES (69, 1, 2, 13, 'TX-15 DML', DEFAULT, 0.36, 140, 380, 50, 800, 500);
INSERT INTO `sql7371032`.`table_weapons` (`WID`, `IID`, `WtID`, `CID`, `name`, `image`, `accuracy`, `vertical_recoil`, `horizontal_recoil`, `ergonomic`, `rate_of_fire`, `effective_range`) VALUES (70, 1, 4, 6, 'MP9', DEFAULT, 7.22, 70, 315, 75, 900, 200);
INSERT INTO `sql7371032`.`table_weapons` (`WID`, `IID`, `WtID`, `CID`, `name`, `image`, `accuracy`, `vertical_recoil`, `horizontal_recoil`, `ergonomic`, `rate_of_fire`, `effective_range`) VALUES (71, 1, 4, 6, 'MP9-N', DEFAULT, 7.22, 67, 315, 75, 1100, 200);
INSERT INTO `sql7371032`.`table_weapons` (`WID`, `IID`, `WtID`, `CID`, `name`, `image`, `accuracy`, `vertical_recoil`, `horizontal_recoil`, `ergonomic`, `rate_of_fire`, `effective_range`) VALUES (72, 1, 4, 5, 'PPSH-41', DEFAULT, 3.44, 77, 360, 16, 1000, 200);
INSERT INTO `sql7371032`.`table_weapons` (`WID`, `IID`, `WtID`, `CID`, `name`, `image`, `accuracy`, `vertical_recoil`, `horizontal_recoil`, `ergonomic`, `rate_of_fire`, `effective_range`) VALUES (73, 1, 6, 15, 'SR-25', DEFAULT, 0, 290, 625, 37, 700, 900);
INSERT INTO `sql7371032`.`table_weapons` (`WID`, `IID`, `WtID`, `CID`, `name`, `image`, `accuracy`, `vertical_recoil`, `horizontal_recoil`, `ergonomic`, `rate_of_fire`, `effective_range`) VALUES (74, 1, 4, 9, 'P90', DEFAULT, 8.59, 60, 300, 60, 900, 200);
INSERT INTO `sql7371032`.`table_weapons` (`WID`, `IID`, `WtID`, `CID`, `name`, `image`, `accuracy`, `vertical_recoil`, `horizontal_recoil`, `ergonomic`, `rate_of_fire`, `effective_range`) VALUES (75, 1, 9, 22, 'GL40', DEFAULT, 0, 200, 400, 100, 30, 50);
INSERT INTO `sql7371032`.`table_weapons` (`WID`, `IID`, `WtID`, `CID`, `name`, `image`, `accuracy`, `vertical_recoil`, `horizontal_recoil`, `ergonomic`, `rate_of_fire`, `effective_range`) VALUES (76, 1, 5, 20, 'M590A1', DEFAULT, 14.44, 550, 610, 48, 30, 70);
INSERT INTO `sql7371032`.`table_weapons` (`WID`, `IID`, `WtID`, `CID`, `name`, `image`, `accuracy`, `vertical_recoil`, `horizontal_recoil`, `ergonomic`, `rate_of_fire`, `effective_range`) VALUES (77, 1, 1, 17, 'ASh-12', DEFAULT, 1.63, 180, 535, 55, 650, 650);
INSERT INTO `sql7371032`.`table_weapons` (`WID`, `IID`, `WtID`, `CID`, `name`, `image`, `accuracy`, `vertical_recoil`, `horizontal_recoil`, `ergonomic`, `rate_of_fire`, `effective_range`) VALUES (78, 1, 6, 16, 'SVDS', DEFAULT, 0, 340, 750, 26, 700, 900);
INSERT INTO `sql7371032`.`table_weapons` (`WID`, `IID`, `WtID`, `CID`, `name`, `image`, `accuracy`, `vertical_recoil`, `horizontal_recoil`, `ergonomic`, `rate_of_fire`, `effective_range`) VALUES (79, 1, 1, 19, 'AK-74', DEFAULT, 1.99, 158, 413, 30, 650, 650);
INSERT INTO `sql7371032`.`table_weapons` (`WID`, `IID`, `WtID`, `CID`, `name`, `image`, `accuracy`, `vertical_recoil`, `horizontal_recoil`, `ergonomic`, `rate_of_fire`, `effective_range`) VALUES (80, 1, 1, 19, 'AKS-74N', DEFAULT, 1.99, 145, 397, 30, 650, 650);
INSERT INTO `sql7371032`.`table_weapons` (`WID`, `IID`, `WtID`, `CID`, `name`, `image`, `accuracy`, `vertical_recoil`, `horizontal_recoil`, `ergonomic`, `rate_of_fire`, `effective_range`) VALUES (81, 1, 8, 5, 'TT Gold', DEFAULT, 0, 650, 325, 70, 30, 50);

COMMIT;


-- -----------------------------------------------------
-- Data for table `sql7371032`.`table_materials`
-- -----------------------------------------------------
START TRANSACTION;
USE `sql7371032`;
INSERT INTO `sql7371032`.`table_materials` (`MaID`, `name`) VALUES (1, 'Combined materials');
INSERT INTO `sql7371032`.`table_materials` (`MaID`, `name`) VALUES (2, 'Glass');
INSERT INTO `sql7371032`.`table_materials` (`MaID`, `name`) VALUES (3, 'Aramid');
INSERT INTO `sql7371032`.`table_materials` (`MaID`, `name`) VALUES (4, 'Aluminum');
INSERT INTO `sql7371032`.`table_materials` (`MaID`, `name`) VALUES (5, 'Armor steel');
INSERT INTO `sql7371032`.`table_materials` (`MaID`, `name`) VALUES (6, 'Ultrahighweight polyethylene');
INSERT INTO `sql7371032`.`table_materials` (`MaID`, `name`) VALUES (7, 'Titan');
INSERT INTO `sql7371032`.`table_materials` (`MaID`, `name`) VALUES (8, 'Ceramic');

COMMIT;


-- -----------------------------------------------------
-- Data for table `sql7371032`.`table_armor_attributes`
-- -----------------------------------------------------
START TRANSACTION;
USE `sql7371032`;
INSERT INTO `sql7371032`.`table_armor_attributes` (`AaID`, `MaID`, `class`, `hitpoint`, `movement`, `turning`, `ergonomics`) VALUES (1, 7, 4, 60, '-8', '-5', '-2');
INSERT INTO `sql7371032`.`table_armor_attributes` (`AaID`, `MaID`, `class`, `hitpoint`, `movement`, `turning`, `ergonomics`) VALUES (2, 6, 5, 50, '-7', '-3', '-3');
INSERT INTO `sql7371032`.`table_armor_attributes` (`AaID`, `MaID`, `class`, `hitpoint`, `movement`, `turning`, `ergonomics`) VALUES (3, 8, 4, 50, '-14', '-7', '-12');
INSERT INTO `sql7371032`.`table_armor_attributes` (`AaID`, `MaID`, `class`, `hitpoint`, `movement`, `turning`, `ergonomics`) VALUES (4, 7, 3, 80, '-9', '-5', '-12');
INSERT INTO `sql7371032`.`table_armor_attributes` (`AaID`, `MaID`, `class`, `hitpoint`, `movement`, `turning`, `ergonomics`) VALUES (5, 5, 4, 65, '-10', '-5', '-5');
INSERT INTO `sql7371032`.`table_armor_attributes` (`AaID`, `MaID`, `class`, `hitpoint`, `movement`, `turning`, `ergonomics`) VALUES (6, 5, 4, 85, '-8', '-4', '-5');
INSERT INTO `sql7371032`.`table_armor_attributes` (`AaID`, `MaID`, `class`, `hitpoint`, `movement`, `turning`, `ergonomics`) VALUES (7, 1, 4, 80, '-7', '-4', '-6');
INSERT INTO `sql7371032`.`table_armor_attributes` (`AaID`, `MaID`, `class`, `hitpoint`, `movement`, `turning`, `ergonomics`) VALUES (8, 6, 5, 60, '-6', '-3', '-5');

COMMIT;


-- -----------------------------------------------------
-- Data for table `sql7371032`.`table_trader`
-- -----------------------------------------------------
START TRANSACTION;
USE `sql7371032`;
INSERT INTO `sql7371032`.`table_trader` (`TID`, `name`, `step`) VALUES (1, 'Ragman', 1);
INSERT INTO `sql7371032`.`table_trader` (`TID`, `name`, `step`) VALUES (2, 'Ragman', 2);
INSERT INTO `sql7371032`.`table_trader` (`TID`, `name`, `step`) VALUES (3, 'Ragman', 3);
INSERT INTO `sql7371032`.`table_trader` (`TID`, `name`, `step`) VALUES (4, 'Ragman', 4);
INSERT INTO `sql7371032`.`table_trader` (`TID`, `name`, `step`) VALUES (5, 'Prapor', 1);
INSERT INTO `sql7371032`.`table_trader` (`TID`, `name`, `step`) VALUES (6, 'Prapor', 2);
INSERT INTO `sql7371032`.`table_trader` (`TID`, `name`, `step`) VALUES (7, 'Prapor', 3);
INSERT INTO `sql7371032`.`table_trader` (`TID`, `name`, `step`) VALUES (8, 'Prapor', 4);
INSERT INTO `sql7371032`.`table_trader` (`TID`, `name`, `step`) VALUES (9, 'Therapist', 1);
INSERT INTO `sql7371032`.`table_trader` (`TID`, `name`, `step`) VALUES (10, 'Therapist', 2);
INSERT INTO `sql7371032`.`table_trader` (`TID`, `name`, `step`) VALUES (11, 'Therapist', 3);
INSERT INTO `sql7371032`.`table_trader` (`TID`, `name`, `step`) VALUES (12, 'Therapist', 4);
INSERT INTO `sql7371032`.`table_trader` (`TID`, `name`, `step`) VALUES (13, 'Skier', 1);
INSERT INTO `sql7371032`.`table_trader` (`TID`, `name`, `step`) VALUES (14, 'Skier', 2);
INSERT INTO `sql7371032`.`table_trader` (`TID`, `name`, `step`) VALUES (15, 'Skier', 3);
INSERT INTO `sql7371032`.`table_trader` (`TID`, `name`, `step`) VALUES (16, 'Skier', 4);
INSERT INTO `sql7371032`.`table_trader` (`TID`, `name`, `step`) VALUES (17, 'Peacekeeper', 1);
INSERT INTO `sql7371032`.`table_trader` (`TID`, `name`, `step`) VALUES (18, 'Peacekeeper', 2);
INSERT INTO `sql7371032`.`table_trader` (`TID`, `name`, `step`) VALUES (19, 'Peacekeeper', 3);
INSERT INTO `sql7371032`.`table_trader` (`TID`, `name`, `step`) VALUES (20, 'Peacekeeper', 4);
INSERT INTO `sql7371032`.`table_trader` (`TID`, `name`, `step`) VALUES (21, 'Mechanic', 1);
INSERT INTO `sql7371032`.`table_trader` (`TID`, `name`, `step`) VALUES (22, 'Mechanic', 2);
INSERT INTO `sql7371032`.`table_trader` (`TID`, `name`, `step`) VALUES (23, 'Mechanic', 3);
INSERT INTO `sql7371032`.`table_trader` (`TID`, `name`, `step`) VALUES (24, 'Mechanic', 4);
INSERT INTO `sql7371032`.`table_trader` (`TID`, `name`, `step`) VALUES (25, 'Jger', 1);
INSERT INTO `sql7371032`.`table_trader` (`TID`, `name`, `step`) VALUES (26, 'Jger', 2);
INSERT INTO `sql7371032`.`table_trader` (`TID`, `name`, `step`) VALUES (27, 'Jger', 3);
INSERT INTO `sql7371032`.`table_trader` (`TID`, `name`, `step`) VALUES (28, 'Jger', 4);

COMMIT;


-- -----------------------------------------------------
-- Data for table `sql7371032`.`table_containers`
-- -----------------------------------------------------
START TRANSACTION;
USE `sql7371032`;
INSERT INTO `sql7371032`.`table_containers` (`CoID`, `IID`, `image`, `name`, `inner_dimensions`, `outer_dimensions`, `efficiency`, `total_slots`) VALUES (1, 9, DEFAULT, 'Lucky Scav Junkbox', '14x14', '4x4', 12.25, 196);
INSERT INTO `sql7371032`.`table_containers` (`CoID`, `IID`, `image`, `name`, `inner_dimensions`, `outer_dimensions`, `efficiency`, `total_slots`) VALUES (2, 9, DEFAULT, 'T H I C C Items Case', '14x14', '5x3', 13.06, 196);
INSERT INTO `sql7371032`.`table_containers` (`CoID`, `IID`, `image`, `name`, `inner_dimensions`, `outer_dimensions`, `efficiency`, `total_slots`) VALUES (3, 9, DEFAULT, 'Items Case', '8x8', '4x4', 4, 64);
INSERT INTO `sql7371032`.`table_containers` (`CoID`, `IID`, `image`, `name`, `inner_dimensions`, `outer_dimensions`, `efficiency`, `total_slots`) VALUES (4, 9, DEFAULT, 'T H I C C Weapon Case', '6x15', '5x2', 9, 90);
INSERT INTO `sql7371032`.`table_containers` (`CoID`, `IID`, `image`, `name`, `inner_dimensions`, `outer_dimensions`, `efficiency`, `total_slots`) VALUES (5, 9, DEFAULT, 'Weapon Case', '5x10', '5x2', 5, 50);
INSERT INTO `sql7371032`.`table_containers` (`CoID`, `IID`, `image`, `name`, `inner_dimensions`, `outer_dimensions`, `efficiency`, `total_slots`) VALUES (6, 9, DEFAULT, 'Meds case', '7x7', '3x3', 5.44, 49);
INSERT INTO `sql7371032`.`table_containers` (`CoID`, `IID`, `image`, `name`, `inner_dimensions`, `outer_dimensions`, `efficiency`, `total_slots`) VALUES (7, 9, DEFAULT, 'Grenade case', '8x8', '3x3', 7.11, 64);
INSERT INTO `sql7371032`.`table_containers` (`CoID`, `IID`, `image`, `name`, `inner_dimensions`, `outer_dimensions`, `efficiency`, `total_slots`) VALUES (8, 9, DEFAULT, 'Mr. Holodilnick thermobag', '8x8', '3x3', 7.11, 64);
INSERT INTO `sql7371032`.`table_containers` (`CoID`, `IID`, `image`, `name`, `inner_dimensions`, `outer_dimensions`, `efficiency`, `total_slots`) VALUES (9, 9, DEFAULT, 'Magazine case', '7x7', '3x2', 8.16, 49);
INSERT INTO `sql7371032`.`table_containers` (`CoID`, `IID`, `image`, `name`, `inner_dimensions`, `outer_dimensions`, `efficiency`, `total_slots`) VALUES (10, 9, DEFAULT, 'Ammo case', '7x7', '2x2', 12.25, 49);
INSERT INTO `sql7371032`.`table_containers` (`CoID`, `IID`, `image`, `name`, `inner_dimensions`, `outer_dimensions`, `efficiency`, `total_slots`) VALUES (11, 9, DEFAULT, 'Money case', '7x7', '3x2', 8.16, 49);
INSERT INTO `sql7371032`.`table_containers` (`CoID`, `IID`, `image`, `name`, `inner_dimensions`, `outer_dimensions`, `efficiency`, `total_slots`) VALUES (12, 9, DEFAULT, 'Pistol case', '4x3', '2x2', 3, 12);
INSERT INTO `sql7371032`.`table_containers` (`CoID`, `IID`, `image`, `name`, `inner_dimensions`, `outer_dimensions`, `efficiency`, `total_slots`) VALUES (13, 9, DEFAULT, 'Documents case ', '4x4', '2x1', 8, 16);
INSERT INTO `sql7371032`.`table_containers` (`CoID`, `IID`, `image`, `name`, `inner_dimensions`, `outer_dimensions`, `efficiency`, `total_slots`) VALUES (14, 9, DEFAULT, 'Small S I C C case', '5x5', '2x1', 12.5, 25);
INSERT INTO `sql7371032`.`table_containers` (`CoID`, `IID`, `image`, `name`, `inner_dimensions`, `outer_dimensions`, `efficiency`, `total_slots`) VALUES (15, 9, DEFAULT, 'Keytool', '4x4', '1x1', 16, 16);
INSERT INTO `sql7371032`.`table_containers` (`CoID`, `IID`, `image`, `name`, `inner_dimensions`, `outer_dimensions`, `efficiency`, `total_slots`) VALUES (16, 9, DEFAULT, 'Wallet', '2x2', '1x1', 4, 4);
INSERT INTO `sql7371032`.`table_containers` (`CoID`, `IID`, `image`, `name`, `inner_dimensions`, `outer_dimensions`, `efficiency`, `total_slots`) VALUES (17, 9, DEFAULT, 'Dogtag case', '10x10', '1x1', 100, 100);

COMMIT;


-- -----------------------------------------------------
-- Data for table `sql7371032`.`table_attachment_types`
-- -----------------------------------------------------
START TRANSACTION;
USE `sql7371032`;
INSERT INTO `sql7371032`.`table_attachment_types` (`AmtID`, `name`) VALUES (1, 'Magazine');
INSERT INTO `sql7371032`.`table_attachment_types` (`AmtID`, `name`) VALUES (2, 'Muzzle');
INSERT INTO `sql7371032`.`table_attachment_types` (`AmtID`, `name`) VALUES (3, 'Pistol grip');
INSERT INTO `sql7371032`.`table_attachment_types` (`AmtID`, `name`) VALUES (4, 'Foregrip');
INSERT INTO `sql7371032`.`table_attachment_types` (`AmtID`, `name`) VALUES (5, 'Stock');
INSERT INTO `sql7371032`.`table_attachment_types` (`AmtID`, `name`) VALUES (6, 'Dust cover');
INSERT INTO `sql7371032`.`table_attachment_types` (`AmtID`, `name`) VALUES (7, 'Optic');
INSERT INTO `sql7371032`.`table_attachment_types` (`AmtID`, `name`) VALUES (8, 'Tactical');
INSERT INTO `sql7371032`.`table_attachment_types` (`AmtID`, `name`) VALUES (9, 'Sight');
INSERT INTO `sql7371032`.`table_attachment_types` (`AmtID`, `name`) VALUES (10, 'Mount');
INSERT INTO `sql7371032`.`table_attachment_types` (`AmtID`, `name`) VALUES (11, 'Handguard');
INSERT INTO `sql7371032`.`table_attachment_types` (`AmtID`, `name`) VALUES (12, 'Charge');
INSERT INTO `sql7371032`.`table_attachment_types` (`AmtID`, `name`) VALUES (13, 'Barrel');
INSERT INTO `sql7371032`.`table_attachment_types` (`AmtID`, `name`) VALUES (14, 'Receiver');
INSERT INTO `sql7371032`.`table_attachment_types` (`AmtID`, `name`) VALUES (15, 'Gas mod');
INSERT INTO `sql7371032`.`table_attachment_types` (`AmtID`, `name`) VALUES (16, 'Auxiliary');

COMMIT;


-- -----------------------------------------------------
-- Data for table `sql7371032`.`table_attachments`
-- -----------------------------------------------------
START TRANSACTION;
USE `sql7371032`;
INSERT INTO `sql7371032`.`table_attachments` (`AmID`, `IID`, `AmtID`, `image`, `name`, `magazine`, `ergonomics`, `accuracy`, `recoil`, `velocity`) VALUES (1, 5, 1, DEFAULT, 'PM 90-93', DEFAULT, DEFAULT, DEFAULT, DEFAULT, DEFAULT);

COMMIT;


-- -----------------------------------------------------
-- Data for table `sql7371032`.`table_firemodes`
-- -----------------------------------------------------
START TRANSACTION;
USE `sql7371032`;
INSERT INTO `sql7371032`.`table_firemodes` (`FmID`, `name`) VALUES (1, 'Single');
INSERT INTO `sql7371032`.`table_firemodes` (`FmID`, `name`) VALUES (2, '3-Round Burst');
INSERT INTO `sql7371032`.`table_firemodes` (`FmID`, `name`) VALUES (3, 'Full-Auto');

COMMIT;


-- -----------------------------------------------------
-- Data for table `sql7371032`.`table_weapons_firemodes`
-- -----------------------------------------------------
START TRANSACTION;
USE `sql7371032`;
INSERT INTO `sql7371032`.`table_weapons_firemodes` (`WID`, `FmID`) VALUES (1, 1);
INSERT INTO `sql7371032`.`table_weapons_firemodes` (`WID`, `FmID`) VALUES (2, 1);
INSERT INTO `sql7371032`.`table_weapons_firemodes` (`WID`, `FmID`) VALUES (3, 1);
INSERT INTO `sql7371032`.`table_weapons_firemodes` (`WID`, `FmID`) VALUES (4, 1);
INSERT INTO `sql7371032`.`table_weapons_firemodes` (`WID`, `FmID`) VALUES (5, 1);
INSERT INTO `sql7371032`.`table_weapons_firemodes` (`WID`, `FmID`) VALUES (6, 1);
INSERT INTO `sql7371032`.`table_weapons_firemodes` (`WID`, `FmID`) VALUES (7, 1);
INSERT INTO `sql7371032`.`table_weapons_firemodes` (`WID`, `FmID`) VALUES (8, 1);
INSERT INTO `sql7371032`.`table_weapons_firemodes` (`WID`, `FmID`) VALUES (9, 1);
INSERT INTO `sql7371032`.`table_weapons_firemodes` (`WID`, `FmID`) VALUES (9, 3);
INSERT INTO `sql7371032`.`table_weapons_firemodes` (`WID`, `FmID`) VALUES (10, 1);
INSERT INTO `sql7371032`.`table_weapons_firemodes` (`WID`, `FmID`) VALUES (10, 3);
INSERT INTO `sql7371032`.`table_weapons_firemodes` (`WID`, `FmID`) VALUES (11, 1);
INSERT INTO `sql7371032`.`table_weapons_firemodes` (`WID`, `FmID`) VALUES (11, 3);
INSERT INTO `sql7371032`.`table_weapons_firemodes` (`WID`, `FmID`) VALUES (12, 1);
INSERT INTO `sql7371032`.`table_weapons_firemodes` (`WID`, `FmID`) VALUES (13, 1);
INSERT INTO `sql7371032`.`table_weapons_firemodes` (`WID`, `FmID`) VALUES (14, 1);
INSERT INTO `sql7371032`.`table_weapons_firemodes` (`WID`, `FmID`) VALUES (14, 3);
INSERT INTO `sql7371032`.`table_weapons_firemodes` (`WID`, `FmID`) VALUES (15, 1);
INSERT INTO `sql7371032`.`table_weapons_firemodes` (`WID`, `FmID`) VALUES (15, 3);
INSERT INTO `sql7371032`.`table_weapons_firemodes` (`WID`, `FmID`) VALUES (16, 1);
INSERT INTO `sql7371032`.`table_weapons_firemodes` (`WID`, `FmID`) VALUES (16, 3);
INSERT INTO `sql7371032`.`table_weapons_firemodes` (`WID`, `FmID`) VALUES (17, 1);
INSERT INTO `sql7371032`.`table_weapons_firemodes` (`WID`, `FmID`) VALUES (17, 3);
INSERT INTO `sql7371032`.`table_weapons_firemodes` (`WID`, `FmID`) VALUES (18, 1);
INSERT INTO `sql7371032`.`table_weapons_firemodes` (`WID`, `FmID`) VALUES (18, 3);
INSERT INTO `sql7371032`.`table_weapons_firemodes` (`WID`, `FmID`) VALUES (19, 1);
INSERT INTO `sql7371032`.`table_weapons_firemodes` (`WID`, `FmID`) VALUES (19, 3);
INSERT INTO `sql7371032`.`table_weapons_firemodes` (`WID`, `FmID`) VALUES (20, 1);
INSERT INTO `sql7371032`.`table_weapons_firemodes` (`WID`, `FmID`) VALUES (20, 3);
INSERT INTO `sql7371032`.`table_weapons_firemodes` (`WID`, `FmID`) VALUES (21, 1);
INSERT INTO `sql7371032`.`table_weapons_firemodes` (`WID`, `FmID`) VALUES (21, 3);
INSERT INTO `sql7371032`.`table_weapons_firemodes` (`WID`, `FmID`) VALUES (22, 1);
INSERT INTO `sql7371032`.`table_weapons_firemodes` (`WID`, `FmID`) VALUES (22, 3);
INSERT INTO `sql7371032`.`table_weapons_firemodes` (`WID`, `FmID`) VALUES (23, 1);
INSERT INTO `sql7371032`.`table_weapons_firemodes` (`WID`, `FmID`) VALUES (23, 3);
INSERT INTO `sql7371032`.`table_weapons_firemodes` (`WID`, `FmID`) VALUES (24, 1);
INSERT INTO `sql7371032`.`table_weapons_firemodes` (`WID`, `FmID`) VALUES (24, 3);
INSERT INTO `sql7371032`.`table_weapons_firemodes` (`WID`, `FmID`) VALUES (25, 1);
INSERT INTO `sql7371032`.`table_weapons_firemodes` (`WID`, `FmID`) VALUES (25, 3);
INSERT INTO `sql7371032`.`table_weapons_firemodes` (`WID`, `FmID`) VALUES (26, 1);
INSERT INTO `sql7371032`.`table_weapons_firemodes` (`WID`, `FmID`) VALUES (26, 3);
INSERT INTO `sql7371032`.`table_weapons_firemodes` (`WID`, `FmID`) VALUES (27, 1);
INSERT INTO `sql7371032`.`table_weapons_firemodes` (`WID`, `FmID`) VALUES (27, 3);
INSERT INTO `sql7371032`.`table_weapons_firemodes` (`WID`, `FmID`) VALUES (28, 1);
INSERT INTO `sql7371032`.`table_weapons_firemodes` (`WID`, `FmID`) VALUES (28, 3);
INSERT INTO `sql7371032`.`table_weapons_firemodes` (`WID`, `FmID`) VALUES (29, 1);
INSERT INTO `sql7371032`.`table_weapons_firemodes` (`WID`, `FmID`) VALUES (29, 3);
INSERT INTO `sql7371032`.`table_weapons_firemodes` (`WID`, `FmID`) VALUES (30, 1);
INSERT INTO `sql7371032`.`table_weapons_firemodes` (`WID`, `FmID`) VALUES (30, 3);
INSERT INTO `sql7371032`.`table_weapons_firemodes` (`WID`, `FmID`) VALUES (31, 1);
INSERT INTO `sql7371032`.`table_weapons_firemodes` (`WID`, `FmID`) VALUES (32, 1);
INSERT INTO `sql7371032`.`table_weapons_firemodes` (`WID`, `FmID`) VALUES (32, 3);
INSERT INTO `sql7371032`.`table_weapons_firemodes` (`WID`, `FmID`) VALUES (33, 1);
INSERT INTO `sql7371032`.`table_weapons_firemodes` (`WID`, `FmID`) VALUES (34, 1);
INSERT INTO `sql7371032`.`table_weapons_firemodes` (`WID`, `FmID`) VALUES (34, 3);
INSERT INTO `sql7371032`.`table_weapons_firemodes` (`WID`, `FmID`) VALUES (35, 1);
INSERT INTO `sql7371032`.`table_weapons_firemodes` (`WID`, `FmID`) VALUES (35, 3);
INSERT INTO `sql7371032`.`table_weapons_firemodes` (`WID`, `FmID`) VALUES (36, 1);
INSERT INTO `sql7371032`.`table_weapons_firemodes` (`WID`, `FmID`) VALUES (36, 3);
INSERT INTO `sql7371032`.`table_weapons_firemodes` (`WID`, `FmID`) VALUES (37, 1);
INSERT INTO `sql7371032`.`table_weapons_firemodes` (`WID`, `FmID`) VALUES (37, 3);
INSERT INTO `sql7371032`.`table_weapons_firemodes` (`WID`, `FmID`) VALUES (38, 1);
INSERT INTO `sql7371032`.`table_weapons_firemodes` (`WID`, `FmID`) VALUES (38, 2);
INSERT INTO `sql7371032`.`table_weapons_firemodes` (`WID`, `FmID`) VALUES (38, 3);
INSERT INTO `sql7371032`.`table_weapons_firemodes` (`WID`, `FmID`) VALUES (39, 1);
INSERT INTO `sql7371032`.`table_weapons_firemodes` (`WID`, `FmID`) VALUES (39, 3);
INSERT INTO `sql7371032`.`table_weapons_firemodes` (`WID`, `FmID`) VALUES (40, 1);
INSERT INTO `sql7371032`.`table_weapons_firemodes` (`WID`, `FmID`) VALUES (40, 3);
INSERT INTO `sql7371032`.`table_weapons_firemodes` (`WID`, `FmID`) VALUES (41, 1);
INSERT INTO `sql7371032`.`table_weapons_firemodes` (`WID`, `FmID`) VALUES (41, 3);
INSERT INTO `sql7371032`.`table_weapons_firemodes` (`WID`, `FmID`) VALUES (42, 1);
INSERT INTO `sql7371032`.`table_weapons_firemodes` (`WID`, `FmID`) VALUES (43, 1);
INSERT INTO `sql7371032`.`table_weapons_firemodes` (`WID`, `FmID`) VALUES (44, 1);
INSERT INTO `sql7371032`.`table_weapons_firemodes` (`WID`, `FmID`) VALUES (45, 1);
INSERT INTO `sql7371032`.`table_weapons_firemodes` (`WID`, `FmID`) VALUES (46, 1);
INSERT INTO `sql7371032`.`table_weapons_firemodes` (`WID`, `FmID`) VALUES (47, 1);
INSERT INTO `sql7371032`.`table_weapons_firemodes` (`WID`, `FmID`) VALUES (48, 1);
INSERT INTO `sql7371032`.`table_weapons_firemodes` (`WID`, `FmID`) VALUES (49, 1);
INSERT INTO `sql7371032`.`table_weapons_firemodes` (`WID`, `FmID`) VALUES (49, 3);
INSERT INTO `sql7371032`.`table_weapons_firemodes` (`WID`, `FmID`) VALUES (50, 1);
INSERT INTO `sql7371032`.`table_weapons_firemodes` (`WID`, `FmID`) VALUES (51, 1);
INSERT INTO `sql7371032`.`table_weapons_firemodes` (`WID`, `FmID`) VALUES (52, 1);
INSERT INTO `sql7371032`.`table_weapons_firemodes` (`WID`, `FmID`) VALUES (53, 1);
INSERT INTO `sql7371032`.`table_weapons_firemodes` (`WID`, `FmID`) VALUES (54, 1);
INSERT INTO `sql7371032`.`table_weapons_firemodes` (`WID`, `FmID`) VALUES (55, 1);
INSERT INTO `sql7371032`.`table_weapons_firemodes` (`WID`, `FmID`) VALUES (56, 1);
INSERT INTO `sql7371032`.`table_weapons_firemodes` (`WID`, `FmID`) VALUES (57, 1);
INSERT INTO `sql7371032`.`table_weapons_firemodes` (`WID`, `FmID`) VALUES (58, 1);
INSERT INTO `sql7371032`.`table_weapons_firemodes` (`WID`, `FmID`) VALUES (58, 3);
INSERT INTO `sql7371032`.`table_weapons_firemodes` (`WID`, `FmID`) VALUES (59, 1);
INSERT INTO `sql7371032`.`table_weapons_firemodes` (`WID`, `FmID`) VALUES (59, 3);
INSERT INTO `sql7371032`.`table_weapons_firemodes` (`WID`, `FmID`) VALUES (60, 1);
INSERT INTO `sql7371032`.`table_weapons_firemodes` (`WID`, `FmID`) VALUES (61, 3);
INSERT INTO `sql7371032`.`table_weapons_firemodes` (`WID`, `FmID`) VALUES (62, 1);
INSERT INTO `sql7371032`.`table_weapons_firemodes` (`WID`, `FmID`) VALUES (63, 1);
INSERT INTO `sql7371032`.`table_weapons_firemodes` (`WID`, `FmID`) VALUES (64, 1);
INSERT INTO `sql7371032`.`table_weapons_firemodes` (`WID`, `FmID`) VALUES (65, 1);
INSERT INTO `sql7371032`.`table_weapons_firemodes` (`WID`, `FmID`) VALUES (66, 1);
INSERT INTO `sql7371032`.`table_weapons_firemodes` (`WID`, `FmID`) VALUES (67, 1);
INSERT INTO `sql7371032`.`table_weapons_firemodes` (`WID`, `FmID`) VALUES (68, 1);
INSERT INTO `sql7371032`.`table_weapons_firemodes` (`WID`, `FmID`) VALUES (68, 2);
INSERT INTO `sql7371032`.`table_weapons_firemodes` (`WID`, `FmID`) VALUES (68, 3);
INSERT INTO `sql7371032`.`table_weapons_firemodes` (`WID`, `FmID`) VALUES (69, 1);
INSERT INTO `sql7371032`.`table_weapons_firemodes` (`WID`, `FmID`) VALUES (70, 1);
INSERT INTO `sql7371032`.`table_weapons_firemodes` (`WID`, `FmID`) VALUES (70, 3);
INSERT INTO `sql7371032`.`table_weapons_firemodes` (`WID`, `FmID`) VALUES (71, 1);
INSERT INTO `sql7371032`.`table_weapons_firemodes` (`WID`, `FmID`) VALUES (71, 3);
INSERT INTO `sql7371032`.`table_weapons_firemodes` (`WID`, `FmID`) VALUES (72, 1);
INSERT INTO `sql7371032`.`table_weapons_firemodes` (`WID`, `FmID`) VALUES (72, 3);
INSERT INTO `sql7371032`.`table_weapons_firemodes` (`WID`, `FmID`) VALUES (73, 1);
INSERT INTO `sql7371032`.`table_weapons_firemodes` (`WID`, `FmID`) VALUES (74, 1);
INSERT INTO `sql7371032`.`table_weapons_firemodes` (`WID`, `FmID`) VALUES (74, 3);
INSERT INTO `sql7371032`.`table_weapons_firemodes` (`WID`, `FmID`) VALUES (75, 1);
INSERT INTO `sql7371032`.`table_weapons_firemodes` (`WID`, `FmID`) VALUES (76, 1);
INSERT INTO `sql7371032`.`table_weapons_firemodes` (`WID`, `FmID`) VALUES (77, 1);
INSERT INTO `sql7371032`.`table_weapons_firemodes` (`WID`, `FmID`) VALUES (77, 3);
INSERT INTO `sql7371032`.`table_weapons_firemodes` (`WID`, `FmID`) VALUES (78, 1);
INSERT INTO `sql7371032`.`table_weapons_firemodes` (`WID`, `FmID`) VALUES (79, 1);
INSERT INTO `sql7371032`.`table_weapons_firemodes` (`WID`, `FmID`) VALUES (79, 3);
INSERT INTO `sql7371032`.`table_weapons_firemodes` (`WID`, `FmID`) VALUES (80, 1);
INSERT INTO `sql7371032`.`table_weapons_firemodes` (`WID`, `FmID`) VALUES (80, 3);
INSERT INTO `sql7371032`.`table_weapons_firemodes` (`WID`, `FmID`) VALUES (81, 1);

COMMIT;


-- -----------------------------------------------------
-- Data for table `sql7371032`.`table_loot_storages`
-- -----------------------------------------------------
START TRANSACTION;
USE `sql7371032`;
INSERT INTO `sql7371032`.`table_loot_storages` (`LsID`, `name`) VALUES (1, 'Jacket');
INSERT INTO `sql7371032`.`table_loot_storages` (`LsID`, `name`) VALUES (2, 'Lose Loot');
INSERT INTO `sql7371032`.`table_loot_storages` (`LsID`, `name`) VALUES (3, 'Wooden crate');
INSERT INTO `sql7371032`.`table_loot_storages` (`LsID`, `name`) VALUES (4, 'Wooden box');
INSERT INTO `sql7371032`.`table_loot_storages` (`LsID`, `name`) VALUES (5, 'Drawer');
INSERT INTO `sql7371032`.`table_loot_storages` (`LsID`, `name`) VALUES (6, 'Wooden ammo box');
INSERT INTO `sql7371032`.`table_loot_storages` (`LsID`, `name`) VALUES (7, 'Standing Weapons Rack');
INSERT INTO `sql7371032`.`table_loot_storages` (`LsID`, `name`) VALUES (8, 'Toolbox');
INSERT INTO `sql7371032`.`table_loot_storages` (`LsID`, `name`) VALUES (9, 'Safe');
INSERT INTO `sql7371032`.`table_loot_storages` (`LsID`, `name`) VALUES (10, 'Medcase/Medbag');
INSERT INTO `sql7371032`.`table_loot_storages` (`LsID`, `name`) VALUES (11, 'PC Block');
INSERT INTO `sql7371032`.`table_loot_storages` (`LsID`, `name`) VALUES (12, 'Loose Currency');
INSERT INTO `sql7371032`.`table_loot_storages` (`LsID`, `name`) VALUES (13, 'Loose Valuables');
INSERT INTO `sql7371032`.`table_loot_storages` (`LsID`, `name`) VALUES (14, 'Sportbag');
INSERT INTO `sql7371032`.`table_loot_storages` (`LsID`, `name`) VALUES (15, 'Grenade box');
INSERT INTO `sql7371032`.`table_loot_storages` (`LsID`, `name`) VALUES (16, 'Cash Register');

COMMIT;


-- -----------------------------------------------------
-- Data for table `sql7371032`.`table_maps`
-- -----------------------------------------------------
START TRANSACTION;
USE `sql7371032`;
INSERT INTO `sql7371032`.`table_maps` (`MID`, `name`) VALUES (1, 'Shoreline');
INSERT INTO `sql7371032`.`table_maps` (`MID`, `name`) VALUES (2, 'Interchange');
INSERT INTO `sql7371032`.`table_maps` (`MID`, `name`) VALUES (3, 'Factory');
INSERT INTO `sql7371032`.`table_maps` (`MID`, `name`) VALUES (4, 'Woods');
INSERT INTO `sql7371032`.`table_maps` (`MID`, `name`) VALUES (5, 'Reserve');
INSERT INTO `sql7371032`.`table_maps` (`MID`, `name`) VALUES (6, 'The Lab');
INSERT INTO `sql7371032`.`table_maps` (`MID`, `name`) VALUES (7, 'Customs');

COMMIT;


-- -----------------------------------------------------
-- Data for table `sql7371032`.`table_key_types`
-- -----------------------------------------------------
START TRANSACTION;
USE `sql7371032`;
INSERT INTO `sql7371032`.`table_key_types` (`KtID`, `name`) VALUES (1, 'Key');
INSERT INTO `sql7371032`.`table_key_types` (`KtID`, `name`) VALUES (2, 'Keycard');

COMMIT;


-- -----------------------------------------------------
-- Data for table `sql7371032`.`table_keys`
-- -----------------------------------------------------
START TRANSACTION;
USE `sql7371032`;
INSERT INTO `sql7371032`.`table_keys` (`KID`, `IID`, `KtID`, `image`, `name`) VALUES (1, 2, 1, DEFAULT, 'Factory exit key');
INSERT INTO `sql7371032`.`table_keys` (`KID`, `IID`, `KtID`, `image`, `name`) VALUES (2, 2, 1, DEFAULT, 'Door key');
INSERT INTO `sql7371032`.`table_keys` (`KID`, `IID`, `KtID`, `image`, `name`) VALUES (3, 2, 1, DEFAULT, 'Dorm guard desk key');
INSERT INTO `sql7371032`.`table_keys` (`KID`, `IID`, `KtID`, `image`, `name`) VALUES (4, 2, 1, DEFAULT, 'Dorm room 104 key');
INSERT INTO `sql7371032`.`table_keys` (`KID`, `IID`, `KtID`, `image`, `name`) VALUES (5, 2, 1, DEFAULT, 'Dorm room 105 key');
INSERT INTO `sql7371032`.`table_keys` (`KID`, `IID`, `KtID`, `image`, `name`) VALUES (6, 2, 1, DEFAULT, 'Dorm room 110 key');
INSERT INTO `sql7371032`.`table_keys` (`KID`, `IID`, `KtID`, `image`, `name`) VALUES (7, 2, 1, DEFAULT, 'Dorm room 114 key');
INSERT INTO `sql7371032`.`table_keys` (`KID`, `IID`, `KtID`, `image`, `name`) VALUES (8, 2, 1, DEFAULT, 'Dorm room 206 key');
INSERT INTO `sql7371032`.`table_keys` (`KID`, `IID`, `KtID`, `image`, `name`) VALUES (9, 2, 1, DEFAULT, 'Dorm room 103 key');
INSERT INTO `sql7371032`.`table_keys` (`KID`, `IID`, `KtID`, `image`, `name`) VALUES (10, 2, 1, DEFAULT, 'Dorm room 108 key');
INSERT INTO `sql7371032`.`table_keys` (`KID`, `IID`, `KtID`, `image`, `name`) VALUES (11, 2, 1, DEFAULT, 'Dorm room 118 key');
INSERT INTO `sql7371032`.`table_keys` (`KID`, `IID`, `KtID`, `image`, `name`) VALUES (12, 2, 1, DEFAULT, 'Dorm room 203 key');
INSERT INTO `sql7371032`.`table_keys` (`KID`, `IID`, `KtID`, `image`, `name`) VALUES (13, 2, 1, DEFAULT, 'Dorm room 204 key');
INSERT INTO `sql7371032`.`table_keys` (`KID`, `IID`, `KtID`, `image`, `name`) VALUES (14, 2, 1, DEFAULT, 'Dorm room 214 key');
INSERT INTO `sql7371032`.`table_keys` (`KID`, `IID`, `KtID`, `image`, `name`) VALUES (15, 2, 1, DEFAULT, 'Dorm room 218 key');
INSERT INTO `sql7371032`.`table_keys` (`KID`, `IID`, `KtID`, `image`, `name`) VALUES (16, 2, 1, DEFAULT, 'Dorm room 220 key');
INSERT INTO `sql7371032`.`table_keys` (`KID`, `IID`, `KtID`, `image`, `name`) VALUES (17, 2, 1, DEFAULT, 'Dorm room 303 key');
INSERT INTO `sql7371032`.`table_keys` (`KID`, `IID`, `KtID`, `image`, `name`) VALUES (18, 2, 1, DEFAULT, 'Dorm room 306 key');
INSERT INTO `sql7371032`.`table_keys` (`KID`, `IID`, `KtID`, `image`, `name`) VALUES (19, 2, 1, DEFAULT, 'Dorm room 308 key');
INSERT INTO `sql7371032`.`table_keys` (`KID`, `IID`, `KtID`, `image`, `name`) VALUES (20, 2, 1, DEFAULT, 'Dorm room 315 key');
INSERT INTO `sql7371032`.`table_keys` (`KID`, `IID`, `KtID`, `image`, `name`) VALUES (21, 2, 1, DEFAULT, 'Marked key');
INSERT INTO `sql7371032`.`table_keys` (`KID`, `IID`, `KtID`, `image`, `name`) VALUES (22, 2, 1, DEFAULT, 'Machinery Key');
INSERT INTO `sql7371032`.`table_keys` (`KID`, `IID`, `KtID`, `image`, `name`) VALUES (23, 2, 1, DEFAULT, 'Car key');
INSERT INTO `sql7371032`.`table_keys` (`KID`, `IID`, `KtID`, `image`, `name`) VALUES (24, 2, 1, DEFAULT, 'Military base checkpoint key');
INSERT INTO `sql7371032`.`table_keys` (`KID`, `IID`, `KtID`, `image`, `name`) VALUES (25, 2, 1, DEFAULT, 'Customs office key');
INSERT INTO `sql7371032`.`table_keys` (`KID`, `IID`, `KtID`, `image`, `name`) VALUES (26, 2, 1, DEFAULT, 'Portable cabin key');
INSERT INTO `sql7371032`.`table_keys` (`KID`, `IID`, `KtID`, `image`, `name`) VALUES (27, 2, 1, DEFAULT, 'Portable cabin key of customs Factory zone');
INSERT INTO `sql7371032`.`table_keys` (`KID`, `IID`, `KtID`, `image`, `name`) VALUES (28, 2, 1, DEFAULT, 'Trailer park cabin key');
INSERT INTO `sql7371032`.`table_keys` (`KID`, `IID`, `KtID`, `image`, `name`) VALUES (29, 2, 1, DEFAULT, 'Cabinet key');
INSERT INTO `sql7371032`.`table_keys` (`KID`, `IID`, `KtID`, `image`, `name`) VALUES (30, 2, 1, DEFAULT, 'The key to the gas station storage room');
INSERT INTO `sql7371032`.`table_keys` (`KID`, `IID`, `KtID`, `image`, `name`) VALUES (31, 2, 1, DEFAULT, 'Unknown key');
INSERT INTO `sql7371032`.`table_keys` (`KID`, `IID`, `KtID`, `image`, `name`) VALUES (32, 2, 1, DEFAULT, 'USEC stash on Customs key');
INSERT INTO `sql7371032`.`table_keys` (`KID`, `IID`, `KtID`, `image`, `name`) VALUES (33, 2, 1, DEFAULT, 'Yotota car key');
INSERT INTO `sql7371032`.`table_keys` (`KID`, `IID`, `KtID`, `image`, `name`) VALUES (34, 2, 1, DEFAULT, 'Key ZB-014');
INSERT INTO `sql7371032`.`table_keys` (`KID`, `IID`, `KtID`, `image`, `name`) VALUES (35, 2, 1, DEFAULT, 'Shturman key');
INSERT INTO `sql7371032`.`table_keys` (`KID`, `IID`, `KtID`, `image`, `name`) VALUES (36, 2, 1, DEFAULT, 'Weather station safe Key');
INSERT INTO `sql7371032`.`table_keys` (`KID`, `IID`, `KtID`, `image`, `name`) VALUES (37, 2, 1, DEFAULT, 'The key to the closed premises of the sanatorium');
INSERT INTO `sql7371032`.`table_keys` (`KID`, `IID`, `KtID`, `image`, `name`) VALUES (38, 2, 1, DEFAULT, 'Health resort warehouse safe key');
INSERT INTO `sql7371032`.`table_keys` (`KID`, `IID`, `KtID`, `image`, `name`) VALUES (39, 2, 1, DEFAULT, 'Key to store safe');
INSERT INTO `sql7371032`.`table_keys` (`KID`, `IID`, `KtID`, `image`, `name`) VALUES (40, 2, 1, DEFAULT, 'Gas station safe key');
INSERT INTO `sql7371032`.`table_keys` (`KID`, `IID`, `KtID`, `image`, `name`) VALUES (41, 2, 1, DEFAULT, 'Cottage back entrance key');
INSERT INTO `sql7371032`.`table_keys` (`KID`, `IID`, `KtID`, `image`, `name`) VALUES (42, 2, 1, DEFAULT, 'Cottage safe key');
INSERT INTO `sql7371032`.`table_keys` (`KID`, `IID`, `KtID`, `image`, `name`) VALUES (43, 2, 1, DEFAULT, 'SMW car key');
INSERT INTO `sql7371032`.`table_keys` (`KID`, `IID`, `KtID`, `image`, `name`) VALUES (44, 2, 1, DEFAULT, 'Health resort utility room key');
INSERT INTO `sql7371032`.`table_keys` (`KID`, `IID`, `KtID`, `image`, `name`) VALUES (45, 2, 1, DEFAULT, 'Health resort management office safe key');
INSERT INTO `sql7371032`.`table_keys` (`KID`, `IID`, `KtID`, `image`, `name`) VALUES (46, 2, 1, DEFAULT, 'Health resort room 321 safe key');
INSERT INTO `sql7371032`.`table_keys` (`KID`, `IID`, `KtID`, `image`, `name`) VALUES (47, 2, 1, DEFAULT, 'Office 104 West wing key');
INSERT INTO `sql7371032`.`table_keys` (`KID`, `IID`, `KtID`, `image`, `name`) VALUES (48, 2, 1, DEFAULT, 'Office 112 West wing key');
INSERT INTO `sql7371032`.`table_keys` (`KID`, `IID`, `KtID`, `image`, `name`) VALUES (49, 2, 1, DEFAULT, 'West wing room 203 key');
INSERT INTO `sql7371032`.`table_keys` (`KID`, `IID`, `KtID`, `image`, `name`) VALUES (50, 2, 1, DEFAULT, 'West wing room 205 key');
INSERT INTO `sql7371032`.`table_keys` (`KID`, `IID`, `KtID`, `image`, `name`) VALUES (51, 2, 1, DEFAULT, 'West wing room 207 key');
INSERT INTO `sql7371032`.`table_keys` (`KID`, `IID`, `KtID`, `image`, `name`) VALUES (52, 2, 1, DEFAULT, 'West wing room 216 key');
INSERT INTO `sql7371032`.`table_keys` (`KID`, `IID`, `KtID`, `image`, `name`) VALUES (53, 2, 1, DEFAULT, 'West wing room 218 key');
INSERT INTO `sql7371032`.`table_keys` (`KID`, `IID`, `KtID`, `image`, `name`) VALUES (54, 2, 1, DEFAULT, 'West wing room 219 key');
INSERT INTO `sql7371032`.`table_keys` (`KID`, `IID`, `KtID`, `image`, `name`) VALUES (55, 2, 1, DEFAULT, 'West wing room 220 key');
INSERT INTO `sql7371032`.`table_keys` (`KID`, `IID`, `KtID`, `image`, `name`) VALUES (56, 2, 1, DEFAULT, 'West wing room 221 key');
INSERT INTO `sql7371032`.`table_keys` (`KID`, `IID`, `KtID`, `image`, `name`) VALUES (57, 2, 1, DEFAULT, 'West wing room 222 key');
INSERT INTO `sql7371032`.`table_keys` (`KID`, `IID`, `KtID`, `image`, `name`) VALUES (58, 2, 1, DEFAULT, 'West wing room 301 key');
INSERT INTO `sql7371032`.`table_keys` (`KID`, `IID`, `KtID`, `image`, `name`) VALUES (59, 2, 1, DEFAULT, 'West wing room 303 key');
INSERT INTO `sql7371032`.`table_keys` (`KID`, `IID`, `KtID`, `image`, `name`) VALUES (60, 2, 1, DEFAULT, 'West wing room 306 key');
INSERT INTO `sql7371032`.`table_keys` (`KID`, `IID`, `KtID`, `image`, `name`) VALUES (61, 2, 1, DEFAULT, 'West wing room 309 key');
INSERT INTO `sql7371032`.`table_keys` (`KID`, `IID`, `KtID`, `image`, `name`) VALUES (62, 2, 1, DEFAULT, 'West wing room 323 key');
INSERT INTO `sql7371032`.`table_keys` (`KID`, `IID`, `KtID`, `image`, `name`) VALUES (63, 2, 1, DEFAULT, 'West wing room 325 key');
INSERT INTO `sql7371032`.`table_keys` (`KID`, `IID`, `KtID`, `image`, `name`) VALUES (64, 2, 1, DEFAULT, 'Office 107 East wing key');
INSERT INTO `sql7371032`.`table_keys` (`KID`, `IID`, `KtID`, `image`, `name`) VALUES (65, 2, 1, DEFAULT, 'Office 108 East wing key');
INSERT INTO `sql7371032`.`table_keys` (`KID`, `IID`, `KtID`, `image`, `name`) VALUES (66, 2, 1, DEFAULT, 'Key with tape');
INSERT INTO `sql7371032`.`table_keys` (`KID`, `IID`, `KtID`, `image`, `name`) VALUES (67, 2, 1, DEFAULT, 'East wing room 205 key');
INSERT INTO `sql7371032`.`table_keys` (`KID`, `IID`, `KtID`, `image`, `name`) VALUES (68, 2, 1, DEFAULT, 'East wing room 206 key');
INSERT INTO `sql7371032`.`table_keys` (`KID`, `IID`, `KtID`, `image`, `name`) VALUES (69, 2, 1, DEFAULT, 'East wing room 209 key');
INSERT INTO `sql7371032`.`table_keys` (`KID`, `IID`, `KtID`, `image`, `name`) VALUES (70, 2, 1, DEFAULT, 'East wing room 213 key');
INSERT INTO `sql7371032`.`table_keys` (`KID`, `IID`, `KtID`, `image`, `name`) VALUES (71, 2, 1, DEFAULT, 'East wing room 216 key');
INSERT INTO `sql7371032`.`table_keys` (`KID`, `IID`, `KtID`, `image`, `name`) VALUES (72, 2, 1, DEFAULT, 'East wing room 222 key');
INSERT INTO `sql7371032`.`table_keys` (`KID`, `IID`, `KtID`, `image`, `name`) VALUES (73, 2, 1, DEFAULT, 'East wing room 226 key');
INSERT INTO `sql7371032`.`table_keys` (`KID`, `IID`, `KtID`, `image`, `name`) VALUES (74, 2, 1, DEFAULT, 'East wing room 306 key');
INSERT INTO `sql7371032`.`table_keys` (`KID`, `IID`, `KtID`, `image`, `name`) VALUES (75, 2, 1, DEFAULT, 'East wing room 308 key');
INSERT INTO `sql7371032`.`table_keys` (`KID`, `IID`, `KtID`, `image`, `name`) VALUES (76, 2, 1, DEFAULT, 'East wing room 310 key');
INSERT INTO `sql7371032`.`table_keys` (`KID`, `IID`, `KtID`, `image`, `name`) VALUES (77, 2, 1, DEFAULT, 'East wing room 313 key');
INSERT INTO `sql7371032`.`table_keys` (`KID`, `IID`, `KtID`, `image`, `name`) VALUES (78, 2, 1, DEFAULT, 'East wing room 314 key');
INSERT INTO `sql7371032`.`table_keys` (`KID`, `IID`, `KtID`, `image`, `name`) VALUES (79, 2, 1, DEFAULT, 'East wing room 316 key');
INSERT INTO `sql7371032`.`table_keys` (`KID`, `IID`, `KtID`, `image`, `name`) VALUES (80, 2, 1, DEFAULT, 'East wing room 322 key');
INSERT INTO `sql7371032`.`table_keys` (`KID`, `IID`, `KtID`, `image`, `name`) VALUES (81, 2, 1, DEFAULT, 'East wing room 328 key');
INSERT INTO `sql7371032`.`table_keys` (`KID`, `IID`, `KtID`, `image`, `name`) VALUES (82, 2, 1, DEFAULT, 'Key to HEP station storage');

COMMIT;


-- -----------------------------------------------------
-- Data for table `sql7371032`.`table_loot_types`
-- -----------------------------------------------------
START TRANSACTION;
USE `sql7371032`;
INSERT INTO `sql7371032`.`table_loot_types` (`LtID`, `name`) VALUES (1, 'Info Item');
INSERT INTO `sql7371032`.`table_loot_types` (`LtID`, `name`) VALUES (2, 'Flammable Materials');
INSERT INTO `sql7371032`.`table_loot_types` (`LtID`, `name`) VALUES (3, 'Other');
INSERT INTO `sql7371032`.`table_loot_types` (`LtID`, `name`) VALUES (4, 'Building Materilas');
INSERT INTO `sql7371032`.`table_loot_types` (`LtID`, `name`) VALUES (5, 'Valuables');
INSERT INTO `sql7371032`.`table_loot_types` (`LtID`, `name`) VALUES (6, 'Electronics');
INSERT INTO `sql7371032`.`table_loot_types` (`LtID`, `name`) VALUES (7, 'Energy Elements');
INSERT INTO `sql7371032`.`table_loot_types` (`LtID`, `name`) VALUES (8, 'Tools');
INSERT INTO `sql7371032`.`table_loot_types` (`LtID`, `name`) VALUES (9, 'Household Goods');
INSERT INTO `sql7371032`.`table_loot_types` (`LtID`, `name`) VALUES (10, 'Medical Supplies');

COMMIT;


-- -----------------------------------------------------
-- Data for table `sql7371032`.`table_loot`
-- -----------------------------------------------------
START TRANSACTION;
USE `sql7371032`;
INSERT INTO `sql7371032`.`table_loot` (`LID`, `LtID`, `IID`, `image`, `name`) VALUES (1, 1, 3, DEFAULT, 'Folder With Intelligence');
INSERT INTO `sql7371032`.`table_loot` (`LID`, `LtID`, `IID`, `image`, `name`) VALUES (2, 2, 3, DEFAULT, 'Classic Matches');
INSERT INTO `sql7371032`.`table_loot` (`LID`, `LtID`, `IID`, `image`, `name`) VALUES (3, 3, 3, DEFAULT, 'Dogtag');
INSERT INTO `sql7371032`.`table_loot` (`LID`, `LtID`, `IID`, `image`, `name`) VALUES (4, 3, 3, DEFAULT, 'Paracord');
INSERT INTO `sql7371032`.`table_loot` (`LID`, `LtID`, `IID`, `image`, `name`) VALUES (5, 4, 3, DEFAULT, 'Corrugated Hose');
INSERT INTO `sql7371032`.`table_loot` (`LID`, `LtID`, `IID`, `image`, `name`) VALUES (6, 2, 3, DEFAULT, 'Crickent Lighter');
INSERT INTO `sql7371032`.`table_loot` (`LID`, `LtID`, `IID`, `image`, `name`) VALUES (7, 4, 3, DEFAULT, 'A Pack Of Nails');
INSERT INTO `sql7371032`.`table_loot` (`LID`, `LtID`, `IID`, `image`, `name`) VALUES (8, 4, 3, DEFAULT, 'A Pack Of Screws');
INSERT INTO `sql7371032`.`table_loot` (`LID`, `LtID`, `IID`, `image`, `name`) VALUES (9, 4, 3, DEFAULT, 'Screw Nut');
INSERT INTO `sql7371032`.`table_loot` (`LID`, `LtID`, `IID`, `image`, `name`) VALUES (10, 4, 3, DEFAULT, 'Bolts');
INSERT INTO `sql7371032`.`table_loot` (`LID`, `LtID`, `IID`, `image`, `name`) VALUES (11, 4, 3, DEFAULT, 'Piece Of Plexiglas');
INSERT INTO `sql7371032`.`table_loot` (`LID`, `LtID`, `IID`, `image`, `name`) VALUES (12, 2, 3, DEFAULT, 'Zibbo Lighter');
INSERT INTO `sql7371032`.`table_loot` (`LID`, `LtID`, `IID`, `image`, `name`) VALUES (13, 3, 3, DEFAULT, 'Apollon Soyuz Cigarettes');
INSERT INTO `sql7371032`.`table_loot` (`LID`, `LtID`, `IID`, `image`, `name`) VALUES (14, 3, 3, DEFAULT, 'Malboro Cigarettes');
INSERT INTO `sql7371032`.`table_loot` (`LID`, `LtID`, `IID`, `image`, `name`) VALUES (15, 3, 3, DEFAULT, 'Wilston Cigarettes');
INSERT INTO `sql7371032`.`table_loot` (`LID`, `LtID`, `IID`, `image`, `name`) VALUES (16, 3, 3, DEFAULT, 'Strike Cigarettes');
INSERT INTO `sql7371032`.`table_loot` (`LID`, `LtID`, `IID`, `image`, `name`) VALUES (17, 5, 3, DEFAULT, 'Horse Figurine');
INSERT INTO `sql7371032`.`table_loot` (`LID`, `LtID`, `IID`, `image`, `name`) VALUES (18, 5, 3, DEFAULT, 'Cat Figurine');
INSERT INTO `sql7371032`.`table_loot` (`LID`, `LtID`, `IID`, `image`, `name`) VALUES (19, 5, 3, DEFAULT, 'Bronze Lion');
INSERT INTO `sql7371032`.`table_loot` (`LID`, `LtID`, `IID`, `image`, `name`) VALUES (20, 5, 3, DEFAULT, 'Wooden Clock');
INSERT INTO `sql7371032`.`table_loot` (`LID`, `LtID`, `IID`, `image`, `name`) VALUES (21, 6, 3, DEFAULT, 'Gas Analyzer');
INSERT INTO `sql7371032`.`table_loot` (`LID`, `LtID`, `IID`, `image`, `name`) VALUES (22, 1, 3, DEFAULT, 'SSD drive');
INSERT INTO `sql7371032`.`table_loot` (`LID`, `LtID`, `IID`, `image`, `name`) VALUES (23, 1, 3, DEFAULT, 'SAS drive');
INSERT INTO `sql7371032`.`table_loot` (`LID`, `LtID`, `IID`, `image`, `name`) VALUES (25, 6, 3, DEFAULT, 'Military COFDM wireless Signal Transmitter');
INSERT INTO `sql7371032`.`table_loot` (`LID`, `LtID`, `IID`, `image`, `name`) VALUES (26, 6, 3, DEFAULT, 'UHF RFID Reader');
INSERT INTO `sql7371032`.`table_loot` (`LID`, `LtID`, `IID`, `image`, `name`) VALUES (27, 6, 3, DEFAULT, 'VPX Flash Storage Module');
INSERT INTO `sql7371032`.`table_loot` (`LID`, `LtID`, `IID`, `image`, `name`) VALUES (28, 6, 3, DEFAULT, 'Virtex programmable processor');
INSERT INTO `sql7371032`.`table_loot` (`LID`, `LtID`, `IID`, `image`, `name`) VALUES (29, 6, 3, DEFAULT, 'Capacitors');
INSERT INTO `sql7371032`.`table_loot` (`LID`, `LtID`, `IID`, `image`, `name`) VALUES (30, 6, 3, DEFAULT, 'Wires');
INSERT INTO `sql7371032`.`table_loot` (`LID`, `LtID`, `IID`, `image`, `name`) VALUES (31, 6, 3, DEFAULT, 'Broken GPhone X');
INSERT INTO `sql7371032`.`table_loot` (`LID`, `LtID`, `IID`, `image`, `name`) VALUES (32, 2, 3, DEFAULT, 'WD-40 400ml');
INSERT INTO `sql7371032`.`table_loot` (`LID`, `LtID`, `IID`, `image`, `name`) VALUES (33, 2, 3, DEFAULT, 'WD-40 100ml');
INSERT INTO `sql7371032`.`table_loot` (`LID`, `LtID`, `IID`, `image`, `name`) VALUES (34, 7, 3, DEFAULT, 'AA Battery');
INSERT INTO `sql7371032`.`table_loot` (`LID`, `LtID`, `IID`, `image`, `name`) VALUES (35, 7, 3, DEFAULT, 'D Size Battery');
INSERT INTO `sql7371032`.`table_loot` (`LID`, `LtID`, `IID`, `image`, `name`) VALUES (36, 7, 3, DEFAULT, 'Car battery');
INSERT INTO `sql7371032`.`table_loot` (`LID`, `LtID`, `IID`, `image`, `name`) VALUES (37, 6, 3, DEFAULT, 'Spark plug');
INSERT INTO `sql7371032`.`table_loot` (`LID`, `LtID`, `IID`, `image`, `name`) VALUES (38, 6, 3, DEFAULT, 'Energy-saving lamp');
INSERT INTO `sql7371032`.`table_loot` (`LID`, `LtID`, `IID`, `image`, `name`) VALUES (39, 6, 3, DEFAULT, 'Ultraviolet lamp');
INSERT INTO `sql7371032`.`table_loot` (`LID`, `LtID`, `IID`, `image`, `name`) VALUES (40, 6, 3, DEFAULT, 'Geiger-Muller counter');
INSERT INTO `sql7371032`.`table_loot` (`LID`, `LtID`, `IID`, `image`, `name`) VALUES (41, 6, 3, DEFAULT, 'Broken GPhone');
INSERT INTO `sql7371032`.`table_loot` (`LID`, `LtID`, `IID`, `image`, `name`) VALUES (42, 6, 3, DEFAULT, 'CPU Fan');
INSERT INTO `sql7371032`.`table_loot` (`LID`, `LtID`, `IID`, `image`, `name`) VALUES (43, 6, 3, DEFAULT, 'PC CPU');
INSERT INTO `sql7371032`.`table_loot` (`LID`, `LtID`, `IID`, `image`, `name`) VALUES (44, 6, 3, DEFAULT, 'DVD drive');
INSERT INTO `sql7371032`.`table_loot` (`LID`, `LtID`, `IID`, `image`, `name`) VALUES (45, 6, 3, DEFAULT, 'RAM');
INSERT INTO `sql7371032`.`table_loot` (`LID`, `LtID`, `IID`, `image`, `name`) VALUES (46, 6, 3, DEFAULT, 'Power supply unit');
INSERT INTO `sql7371032`.`table_loot` (`LID`, `LtID`, `IID`, `image`, `name`) VALUES (47, 6, 3, DEFAULT, 'Printed circuit board');
INSERT INTO `sql7371032`.`table_loot` (`LID`, `LtID`, `IID`, `image`, `name`) VALUES (48, 6, 3, DEFAULT, 'Graphics card');
INSERT INTO `sql7371032`.`table_loot` (`LID`, `LtID`, `IID`, `image`, `name`) VALUES (49, 6, 3, DEFAULT, 'Powercord');
INSERT INTO `sql7371032`.`table_loot` (`LID`, `LtID`, `IID`, `image`, `name`) VALUES (50, 4, 3, DEFAULT, 'Insulating tape');
INSERT INTO `sql7371032`.`table_loot` (`LID`, `LtID`, `IID`, `image`, `name`) VALUES (51, 4, 3, DEFAULT, 'Duct tape');
INSERT INTO `sql7371032`.`table_loot` (`LID`, `LtID`, `IID`, `image`, `name`) VALUES (52, 8, 3, DEFAULT, 'Construction measuring tape');
INSERT INTO `sql7371032`.`table_loot` (`LID`, `LtID`, `IID`, `image`, `name`) VALUES (53, 9, 3, DEFAULT, 'Toothpaste');
INSERT INTO `sql7371032`.`table_loot` (`LID`, `LtID`, `IID`, `image`, `name`) VALUES (54, 6, 3, DEFAULT, 'USB Adapter');
INSERT INTO `sql7371032`.`table_loot` (`LID`, `LtID`, `IID`, `image`, `name`) VALUES (55, 6, 3, DEFAULT, 'T-Shaped Plug');
INSERT INTO `sql7371032`.`table_loot` (`LID`, `LtID`, `IID`, `image`, `name`) VALUES (56, 9, 3, DEFAULT, 'Printer paper');
INSERT INTO `sql7371032`.`table_loot` (`LID`, `LtID`, `IID`, `image`, `name`) VALUES (57, 8, 3, DEFAULT, 'Screwdriver');
INSERT INTO `sql7371032`.`table_loot` (`LID`, `LtID`, `IID`, `image`, `name`) VALUES (58, 8, 3, DEFAULT, 'Wrench');
INSERT INTO `sql7371032`.`table_loot` (`LID`, `LtID`, `IID`, `image`, `name`) VALUES (59, 8, 3, DEFAULT, 'Pliers');
INSERT INTO `sql7371032`.`table_loot` (`LID`, `LtID`, `IID`, `image`, `name`) VALUES (60, 6, 3, DEFAULT, 'Electric drill');
INSERT INTO `sql7371032`.`table_loot` (`LID`, `LtID`, `IID`, `image`, `name`) VALUES (61, 5, 3, DEFAULT, 'Antique vase');
INSERT INTO `sql7371032`.`table_loot` (`LID`, `LtID`, `IID`, `image`, `name`) VALUES (62, 5, 3, DEFAULT, 'Antique teapot');
INSERT INTO `sql7371032`.`table_loot` (`LID`, `LtID`, `IID`, `image`, `name`) VALUES (63, 5, 3, DEFAULT, 'Silver Badge');
INSERT INTO `sql7371032`.`table_loot` (`LID`, `LtID`, `IID`, `image`, `name`) VALUES (64, 5, 3, DEFAULT, 'Chainlet');
INSERT INTO `sql7371032`.`table_loot` (`LID`, `LtID`, `IID`, `image`, `name`) VALUES (65, 5, 3, DEFAULT, 'Golden neck chain');
INSERT INTO `sql7371032`.`table_loot` (`LID`, `LtID`, `IID`, `image`, `name`) VALUES (66, 5, 3, DEFAULT, 'Physical bitcoin');
INSERT INTO `sql7371032`.`table_loot` (`LID`, `LtID`, `IID`, `image`, `name`) VALUES (67, 6, 3, DEFAULT, 'Damaged hard drive');
INSERT INTO `sql7371032`.`table_loot` (`LID`, `LtID`, `IID`, `image`, `name`) VALUES (68, 6, 3, DEFAULT, 'Magnet');
INSERT INTO `sql7371032`.`table_loot` (`LID`, `LtID`, `IID`, `image`, `name`) VALUES (69, 9, 3, DEFAULT, 'Paid AntiRoach');
INSERT INTO `sql7371032`.`table_loot` (`LID`, `LtID`, `IID`, `image`, `name`) VALUES (70, 9, 3, DEFAULT, 'Clin wiper');
INSERT INTO `sql7371032`.`table_loot` (`LID`, `LtID`, `IID`, `image`, `name`) VALUES (71, 10, 3, DEFAULT, 'Portable defibrillator');
INSERT INTO `sql7371032`.`table_loot` (`LID`, `LtID`, `IID`, `image`, `name`) VALUES (72, 10, 3, DEFAULT, 'LEDX Skin Transilluminator');
INSERT INTO `sql7371032`.`table_loot` (`LID`, `LtID`, `IID`, `image`, `name`) VALUES (73, 10, 3, DEFAULT, 'Saline solution');
INSERT INTO `sql7371032`.`table_loot` (`LID`, `LtID`, `IID`, `image`, `name`) VALUES (74, 10, 3, DEFAULT, 'Medical bloodset');
INSERT INTO `sql7371032`.`table_loot` (`LID`, `LtID`, `IID`, `image`, `name`) VALUES (75, 10, 3, DEFAULT, 'Hydrogen peroxide');
INSERT INTO `sql7371032`.`table_loot` (`LID`, `LtID`, `IID`, `image`, `name`) VALUES (76, 9, 3, DEFAULT, 'Ox bleach');
INSERT INTO `sql7371032`.`table_loot` (`LID`, `LtID`, `IID`, `image`, `name`) VALUES (77, 4, 3, DEFAULT, 'Shustrilo sealing foam');
INSERT INTO `sql7371032`.`table_loot` (`LID`, `LtID`, `IID`, `image`, `name`) VALUES (78, 4, 3, DEFAULT, 'Xenomorph sealing foam');
INSERT INTO `sql7371032`.`table_loot` (`LID`, `LtID`, `IID`, `image`, `name`) VALUES (79, 9, 3, DEFAULT, 'Sodium bicarbonate');
INSERT INTO `sql7371032`.`table_loot` (`LID`, `LtID`, `IID`, `image`, `name`) VALUES (80, 9, 3, DEFAULT, 'Soap');
INSERT INTO `sql7371032`.`table_loot` (`LID`, `LtID`, `IID`, `image`, `name`) VALUES (81, 9, 3, DEFAULT, 'Toilet paper');
INSERT INTO `sql7371032`.`table_loot` (`LID`, `LtID`, `IID`, `image`, `name`) VALUES (82, 2, 3, DEFAULT, '5L propane tank');
INSERT INTO `sql7371032`.`table_loot` (`LID`, `LtID`, `IID`, `image`, `name`) VALUES (83, 2, 3, DEFAULT, 'Fuel conditioner');
INSERT INTO `sql7371032`.`table_loot` (`LID`, `LtID`, `IID`, `image`, `name`) VALUES (84, 9, 3, DEFAULT, 'Heat-exchange alkali surface washer');
INSERT INTO `sql7371032`.`table_loot` (`LID`, `LtID`, `IID`, `image`, `name`) VALUES (85, 2, 3, DEFAULT, 'Dry fuel');
INSERT INTO `sql7371032`.`table_loot` (`LID`, `LtID`, `IID`, `image`, `name`) VALUES (86, 8, 3, DEFAULT, 'A set of tools');
INSERT INTO `sql7371032`.`table_loot` (`LID`, `LtID`, `IID`, `image`, `name`) VALUES (87, 7, 3, DEFAULT, 'Rechargeable battery');
INSERT INTO `sql7371032`.`table_loot` (`LID`, `LtID`, `IID`, `image`, `name`) VALUES (88, 3, 3, DEFAULT, 'Air filter for gas mask');
INSERT INTO `sql7371032`.`table_loot` (`LID`, `LtID`, `IID`, `image`, `name`) VALUES (89, 1, 3, DEFAULT, 'Secure Flash drive');
INSERT INTO `sql7371032`.`table_loot` (`LID`, `LtID`, `IID`, `image`, `name`) VALUES (90, 3, 3, DEFAULT, 'Coffee Majaica');
INSERT INTO `sql7371032`.`table_loot` (`LID`, `LtID`, `IID`, `image`, `name`) VALUES (91, 10, 3, DEFAULT, 'Ophthalmoscope');
INSERT INTO `sql7371032`.`table_loot` (`LID`, `LtID`, `IID`, `image`, `name`) VALUES (92, 8, 3, DEFAULT, 'Pliers Elite');
INSERT INTO `sql7371032`.`table_loot` (`LID`, `LtID`, `IID`, `image`, `name`) VALUES (93, 7, 3, DEFAULT, 'Powerbank');
INSERT INTO `sql7371032`.`table_loot` (`LID`, `LtID`, `IID`, `image`, `name`) VALUES (94, 3, 3, DEFAULT, '42nd Signature Blend English Tea');
INSERT INTO `sql7371032`.`table_loot` (`LID`, `LtID`, `IID`, `image`, `name`) VALUES (95, 5, 3, DEFAULT, 'Golden rooster');
INSERT INTO `sql7371032`.`table_loot` (`LID`, `LtID`, `IID`, `image`, `name`) VALUES (96, 5, 3, DEFAULT, 'Roler submariner gold wrist watch');
INSERT INTO `sql7371032`.`table_loot` (`LID`, `LtID`, `IID`, `image`, `name`) VALUES (97, 3, 3, DEFAULT, 'Battered antique Book');
INSERT INTO `sql7371032`.`table_loot` (`LID`, `LtID`, `IID`, `image`, `name`) VALUES (98, 2, 3, DEFAULT, 'FireKlean gun lube');
INSERT INTO `sql7371032`.`table_loot` (`LID`, `LtID`, `IID`, `image`, `name`) VALUES (99, 8, 3, DEFAULT, 'Old firesteel');
INSERT INTO `sql7371032`.`table_loot` (`LID`, `LtID`, `IID`, `image`, `name`) VALUES (100, 9, 3, DEFAULT, 'Deadlyslob\'s beard oil');
INSERT INTO `sql7371032`.`table_loot` (`LID`, `LtID`, `IID`, `image`, `name`) VALUES (101, 6, 3, DEFAULT, 'Golden 1GPhone');
INSERT INTO `sql7371032`.`table_loot` (`LID`, `LtID`, `IID`, `image`, `name`) VALUES (102, 6, 3, DEFAULT, 'Tetriz portable game');
INSERT INTO `sql7371032`.`table_loot` (`LID`, `LtID`, `IID`, `image`, `name`) VALUES (103, 5, 3, DEFAULT, 'Chain with Prokill medallion');
INSERT INTO `sql7371032`.`table_loot` (`LID`, `LtID`, `IID`, `image`, `name`) VALUES (104, 8, 3, DEFAULT, 'Nippers');
INSERT INTO `sql7371032`.`table_loot` (`LID`, `LtID`, `IID`, `image`, `name`) VALUES (105, 8, 3, DEFAULT, 'Metal cutting scissors');
INSERT INTO `sql7371032`.`table_loot` (`LID`, `LtID`, `IID`, `image`, `name`) VALUES (106, 8, 3, DEFAULT, 'Hand drill');
INSERT INTO `sql7371032`.`table_loot` (`LID`, `LtID`, `IID`, `image`, `name`) VALUES (107, 7, 3, DEFAULT, '6-STEN-140-M military battery');
INSERT INTO `sql7371032`.`table_loot` (`LID`, `LtID`, `IID`, `image`, `name`) VALUES (108, 6, 3, DEFAULT, 'NIXXOR lens');
INSERT INTO `sql7371032`.`table_loot` (`LID`, `LtID`, `IID`, `image`, `name`) VALUES (109, 2, 3, DEFAULT, 'Expeditionary fuel tank');
INSERT INTO `sql7371032`.`table_loot` (`LID`, `LtID`, `IID`, `image`, `name`) VALUES (110, 2, 3, DEFAULT, 'Metal fuel tank');
INSERT INTO `sql7371032`.`table_loot` (`LID`, `LtID`, `IID`, `image`, `name`) VALUES (112, 3, 3, DEFAULT, 'FP-100 filter absorber');
INSERT INTO `sql7371032`.`table_loot` (`LID`, `LtID`, `IID`, `image`, `name`) VALUES (113, 6, 3, DEFAULT, 'Electric motor');
INSERT INTO `sql7371032`.`table_loot` (`LID`, `LtID`, `IID`, `image`, `name`) VALUES (114, 6, 3, DEFAULT, 'Broken LCD');
INSERT INTO `sql7371032`.`table_loot` (`LID`, `LtID`, `IID`, `image`, `name`) VALUES (115, 6, 3, DEFAULT, 'Working LCD');
INSERT INTO `sql7371032`.`table_loot` (`LID`, `LtID`, `IID`, `image`, `name`) VALUES (116, 5, 3, DEFAULT, 'GP coin');
INSERT INTO `sql7371032`.`table_loot` (`LID`, `LtID`, `IID`, `image`, `name`) VALUES (117, 3, 3, DEFAULT, 'Water filter');
INSERT INTO `sql7371032`.`table_loot` (`LID`, `LtID`, `IID`, `image`, `name`) VALUES (118, 2, 3, DEFAULT, 'Gunpowder \"Kite\"');
INSERT INTO `sql7371032`.`table_loot` (`LID`, `LtID`, `IID`, `image`, `name`) VALUES (119, 2, 3, DEFAULT, 'Gunpowder \"Eagle\"');
INSERT INTO `sql7371032`.`table_loot` (`LID`, `LtID`, `IID`, `image`, `name`) VALUES (120, 2, 3, DEFAULT, 'Gunpowder \"Hawk\"');
INSERT INTO `sql7371032`.`table_loot` (`LID`, `LtID`, `IID`, `image`, `name`) VALUES (121, 10, 3, DEFAULT, 'Pile of meds');
INSERT INTO `sql7371032`.`table_loot` (`LID`, `LtID`, `IID`, `image`, `name`) VALUES (122, 10, 3, DEFAULT, 'Disposable syringe');
INSERT INTO `sql7371032`.`table_loot` (`LID`, `LtID`, `IID`, `image`, `name`) VALUES (123, 6, 3, DEFAULT, 'Phased array element');
INSERT INTO `sql7371032`.`table_loot` (`LID`, `LtID`, `IID`, `image`, `name`) VALUES (124, 6, 3, DEFAULT, 'Military circuit board');
INSERT INTO `sql7371032`.`table_loot` (`LID`, `LtID`, `IID`, `image`, `name`) VALUES (125, 6, 3, DEFAULT, 'Military thermal vision module Iridium');
INSERT INTO `sql7371032`.`table_loot` (`LID`, `LtID`, `IID`, `image`, `name`) VALUES (126, 6, 3, DEFAULT, 'Military gyrotachometer');
INSERT INTO `sql7371032`.`table_loot` (`LID`, `LtID`, `IID`, `image`, `name`) VALUES (127, 3, 3, DEFAULT, 'Weapon parts');
INSERT INTO `sql7371032`.`table_loot` (`LID`, `LtID`, `IID`, `image`, `name`) VALUES (128, 8, 3, DEFAULT, 'Round pliers');
INSERT INTO `sql7371032`.`table_loot` (`LID`, `LtID`, `IID`, `image`, `name`) VALUES (129, 3, 3, DEFAULT, 'OFZ 30x160mm shell');
INSERT INTO `sql7371032`.`table_loot` (`LID`, `LtID`, `IID`, `image`, `name`) VALUES (130, 6, 3, DEFAULT, 'Military cable');
INSERT INTO `sql7371032`.`table_loot` (`LID`, `LtID`, `IID`, `image`, `name`) VALUES (131, 6, 3, DEFAULT, 'Military power filter');
INSERT INTO `sql7371032`.`table_loot` (`LID`, `LtID`, `IID`, `image`, `name`) VALUES (132, 4, 3, DEFAULT, 'Pressure gauge');
INSERT INTO `sql7371032`.`table_loot` (`LID`, `LtID`, `IID`, `image`, `name`) VALUES (134, 4, 3, DEFAULT, 'Analog thermometer');
INSERT INTO `sql7371032`.`table_loot` (`LID`, `LtID`, `IID`, `image`, `name`) VALUES (135, 6, 3, DEFAULT, 'Light bulb');
INSERT INTO `sql7371032`.`table_loot` (`LID`, `LtID`, `IID`, `image`, `name`) VALUES (136, 6, 3, DEFAULT, 'Radiator helix');
INSERT INTO `sql7371032`.`table_loot` (`LID`, `LtID`, `IID`, `image`, `name`) VALUES (137, 5, 3, DEFAULT, 'Gold skull ring');
INSERT INTO `sql7371032`.`table_loot` (`LID`, `LtID`, `IID`, `image`, `name`) VALUES (138, 1, 3, DEFAULT, 'Technical documentation');
INSERT INTO `sql7371032`.`table_loot` (`LID`, `LtID`, `IID`, `image`, `name`) VALUES (139, 9, 3, DEFAULT, 'Schaman shampoo');
INSERT INTO `sql7371032`.`table_loot` (`LID`, `LtID`, `IID`, `image`, `name`) VALUES (140, 9, 3, DEFAULT, 'Ortodontox toothpaste');
INSERT INTO `sql7371032`.`table_loot` (`LID`, `LtID`, `IID`, `image`, `name`) VALUES (141, 8, 3, DEFAULT, 'Long flat screwdriver');
INSERT INTO `sql7371032`.`table_loot` (`LID`, `LtID`, `IID`, `image`, `name`) VALUES (142, 8, 3, DEFAULT, 'Flat screwdriver');
INSERT INTO `sql7371032`.`table_loot` (`LID`, `LtID`, `IID`, `image`, `name`) VALUES (143, 6, 3, DEFAULT, 'Phase control relay');
INSERT INTO `sql7371032`.`table_loot` (`LID`, `LtID`, `IID`, `image`, `name`) VALUES (144, 4, 3, DEFAULT, 'Silicone tube');
INSERT INTO `sql7371032`.`table_loot` (`LID`, `LtID`, `IID`, `image`, `name`) VALUES (145, 1, 3, DEFAULT, 'Diary');
INSERT INTO `sql7371032`.`table_loot` (`LID`, `LtID`, `IID`, `image`, `name`) VALUES (146, 1, 3, DEFAULT, 'Slim diary');
INSERT INTO `sql7371032`.`table_loot` (`LID`, `LtID`, `IID`, `image`, `name`) VALUES (147, 5, 3, DEFAULT, 'Christmas tree decoration ball (red)');
INSERT INTO `sql7371032`.`table_loot` (`LID`, `LtID`, `IID`, `image`, `name`) VALUES (148, 5, 3, DEFAULT, 'Christmas tree decoration ball (silver)');
INSERT INTO `sql7371032`.`table_loot` (`LID`, `LtID`, `IID`, `image`, `name`) VALUES (149, 5, 3, DEFAULT, 'Christmas tree decoration ball (violet)');
INSERT INTO `sql7371032`.`table_loot` (`LID`, `LtID`, `IID`, `image`, `name`) VALUES (150, 7, 3, DEFAULT, 'GreenBat lithium battery');
INSERT INTO `sql7371032`.`table_loot` (`LID`, `LtID`, `IID`, `image`, `name`) VALUES (151, 7, 3, DEFAULT, 'Cyclon accumulator battery');
INSERT INTO `sql7371032`.`table_loot` (`LID`, `LtID`, `IID`, `image`, `name`) VALUES (152, 4, 3, DEFAULT, 'Tube of Poxeram Cold Welding');
INSERT INTO `sql7371032`.`table_loot` (`LID`, `LtID`, `IID`, `image`, `name`) VALUES (153, 4, 3, DEFAULT, 'KEKTAPE duct tape');
INSERT INTO `sql7371032`.`table_loot` (`LID`, `LtID`, `IID`, `image`, `name`) VALUES (154, 9, 3, DEFAULT, 'Pack of chlorine');
INSERT INTO `sql7371032`.`table_loot` (`LID`, `LtID`, `IID`, `image`, `name`) VALUES (155, 9, 3, DEFAULT, 'Smoked Chimney drain cleaner');
INSERT INTO `sql7371032`.`table_loot` (`LID`, `LtID`, `IID`, `image`, `name`) VALUES (156, 9, 3, DEFAULT, 'Repellent');
INSERT INTO `sql7371032`.`table_loot` (`LID`, `LtID`, `IID`, `image`, `name`) VALUES (157, 5, 3, DEFAULT, 'Raven figurine');
INSERT INTO `sql7371032`.`table_loot` (`LID`, `LtID`, `IID`, `image`, `name`) VALUES (158, 2, 3, DEFAULT, 'SurvL Survivor Lighter');
INSERT INTO `sql7371032`.`table_loot` (`LID`, `LtID`, `IID`, `image`, `name`) VALUES (159, 2, 3, DEFAULT, 'Hunter matches');
INSERT INTO `sql7371032`.`table_loot` (`LID`, `LtID`, `IID`, `image`, `name`) VALUES (160, 3, 3, DEFAULT, 'Ripstop cloth');
INSERT INTO `sql7371032`.`table_loot` (`LID`, `LtID`, `IID`, `image`, `name`) VALUES (161, 3, 3, DEFAULT, 'Aramid fiber cloth');
INSERT INTO `sql7371032`.`table_loot` (`LID`, `LtID`, `IID`, `image`, `name`) VALUES (162, 3, 3, DEFAULT, 'Fleece cloth');
INSERT INTO `sql7371032`.`table_loot` (`LID`, `LtID`, `IID`, `image`, `name`) VALUES (163, 3, 3, DEFAULT, 'Polyamide fabric Cordura');
INSERT INTO `sql7371032`.`table_loot` (`LID`, `LtID`, `IID`, `image`, `name`) VALUES (164, 3, 3, DEFAULT, 'Can of Dr. Lupo\'s coffee beans');
INSERT INTO `sql7371032`.`table_loot` (`LID`, `LtID`, `IID`, `image`, `name`) VALUES (165, 3, 3, DEFAULT, 'UZRGM grenade fuze');

COMMIT;


-- -----------------------------------------------------
-- Data for table `sql7371032`.`table_medicals`
-- -----------------------------------------------------
START TRANSACTION;
USE `sql7371032`;
INSERT INTO `sql7371032`.`table_medicals` (`MeID`, `IID`, `image`, `name`, `use_time`, `uses`, `hp_pool`, `max_hp_heal`) VALUES (1, 1, DEFAULT, 'm2', 20, 14, 34, 23);

COMMIT;


-- -----------------------------------------------------
-- Data for table `sql7371032`.`table_provisions`
-- -----------------------------------------------------
START TRANSACTION;
USE `sql7371032`;
INSERT INTO `sql7371032`.`table_provisions` (`PID`, `IID`, `image`, `name`, `energy`, `hydration`) VALUES (1, 11, DEFAULT, 'Army crackers', 10, -5);
INSERT INTO `sql7371032`.`table_provisions` (`PID`, `IID`, `image`, `name`, `energy`, `hydration`) VALUES (2, 11, DEFAULT, 'Condensed milk', 75, -65);
INSERT INTO `sql7371032`.`table_provisions` (`PID`, `IID`, `image`, `name`, `energy`, `hydration`) VALUES (3, 11, DEFAULT, 'Slickers bar', 30, -15);
INSERT INTO `sql7371032`.`table_provisions` (`PID`, `IID`, `image`, `name`, `energy`, `hydration`) VALUES (4, 11, DEFAULT, 'Pack of sugar', 70, -45);
INSERT INTO `sql7371032`.`table_provisions` (`PID`, `IID`, `image`, `name`, `energy`, `hydration`) VALUES (5, 11, DEFAULT, 'Can of Pacific', 48, -2);
INSERT INTO `sql7371032`.`table_provisions` (`PID`, `IID`, `image`, `name`, `energy`, `hydration`) VALUES (6, 11, DEFAULT, 'Rye croutons', 10, -10);
INSERT INTO `sql7371032`.`table_provisions` (`PID`, `IID`, `image`, `name`, `energy`, `hydration`) VALUES (7, 11, DEFAULT, 'Emelya rye croutons', 20, -10);
INSERT INTO `sql7371032`.`table_provisions` (`PID`, `IID`, `image`, `name`, `energy`, `hydration`) VALUES (8, 11, DEFAULT, 'Humpback salmon', 50, -5);
INSERT INTO `sql7371032`.`table_provisions` (`PID`, `IID`, `image`, `name`, `energy`, `hydration`) VALUES (9, 11, DEFAULT, 'Can of green peas', 35, 5);
INSERT INTO `sql7371032`.`table_provisions` (`PID`, `IID`, `image`, `name`, `energy`, `hydration`) VALUES (10, 11, DEFAULT, 'Can of delicious beef stew', 50, -5);
INSERT INTO `sql7371032`.`table_provisions` (`PID`, `IID`, `image`, `name`, `energy`, `hydration`) VALUES (11, 11, DEFAULT, 'Can of beef stew', 45, -5);
INSERT INTO `sql7371032`.`table_provisions` (`PID`, `IID`, `image`, `name`, `energy`, `hydration`) VALUES (12, 11, DEFAULT, 'Pack of oat flakes', 40, -13);
INSERT INTO `sql7371032`.`table_provisions` (`PID`, `IID`, `image`, `name`, `energy`, `hydration`) VALUES (13, 11, DEFAULT, 'Can of herring', 47, -3);
INSERT INTO `sql7371032`.`table_provisions` (`PID`, `IID`, `image`, `name`, `energy`, `hydration`) VALUES (14, 11, DEFAULT, 'Squash spread', 40, 0);
INSERT INTO `sql7371032`.`table_provisions` (`PID`, `IID`, `image`, `name`, `energy`, `hydration`) VALUES (15, 11, DEFAULT, 'Alyonka chocolate bar', 35, -15);
INSERT INTO `sql7371032`.`table_provisions` (`PID`, `IID`, `image`, `name`, `energy`, `hydration`) VALUES (16, 11, DEFAULT, 'Iskra lunch box', 80, 0);
INSERT INTO `sql7371032`.`table_provisions` (`PID`, `IID`, `image`, `name`, `energy`, `hydration`) VALUES (17, 11, DEFAULT, 'MRE lunch box', 70, 0);
INSERT INTO `sql7371032`.`table_provisions` (`PID`, `IID`, `image`, `name`, `energy`, `hydration`) VALUES (18, 11, DEFAULT, '0.6L water bottle', 0, 55);
INSERT INTO `sql7371032`.`table_provisions` (`PID`, `IID`, `image`, `name`, `energy`, `hydration`) VALUES (19, 11, DEFAULT, 'Water bottle with a filter Aquamari', 20, 350);
INSERT INTO `sql7371032`.`table_provisions` (`PID`, `IID`, `image`, `name`, `energy`, `hydration`) VALUES (20, 11, DEFAULT, 'Russian Army pineapple juice', 8, 30);
INSERT INTO `sql7371032`.`table_provisions` (`PID`, `IID`, `image`, `name`, `energy`, `hydration`) VALUES (21, 11, DEFAULT, 'Green Ice', 0, 15);
INSERT INTO `sql7371032`.`table_provisions` (`PID`, `IID`, `image`, `name`, `energy`, `hydration`) VALUES (22, 11, DEFAULT, 'Apple juice', 5, 25);
INSERT INTO `sql7371032`.`table_provisions` (`PID`, `IID`, `image`, `name`, `energy`, `hydration`) VALUES (23, 11, DEFAULT, 'Grand juice', 6, 30);
INSERT INTO `sql7371032`.`table_provisions` (`PID`, `IID`, `image`, `name`, `energy`, `hydration`) VALUES (24, 11, DEFAULT, 'Vita juice', 8, 28);
INSERT INTO `sql7371032`.`table_provisions` (`PID`, `IID`, `image`, `name`, `energy`, `hydration`) VALUES (25, 11, DEFAULT, 'Max energy', 12, 20);
INSERT INTO `sql7371032`.`table_provisions` (`PID`, `IID`, `image`, `name`, `energy`, `hydration`) VALUES (26, 11, DEFAULT, 'TarCola', 5, 15);
INSERT INTO `sql7371032`.`table_provisions` (`PID`, `IID`, `image`, `name`, `energy`, `hydration`) VALUES (27, 11, DEFAULT, 'Pack of milk', 20, 30);
INSERT INTO `sql7371032`.`table_provisions` (`PID`, `IID`, `image`, `name`, `energy`, `hydration`) VALUES (28, 11, DEFAULT, 'Hot Rod', 10, 20);
INSERT INTO `sql7371032`.`table_provisions` (`PID`, `IID`, `image`, `name`, `energy`, `hydration`) VALUES (29, 11, DEFAULT, 'Jar of DevilDog mayo', 100, -99);
INSERT INTO `sql7371032`.`table_provisions` (`PID`, `IID`, `image`, `name`, `energy`, `hydration`) VALUES (30, 11, DEFAULT, 'Can of sprats', 55, -5);
INSERT INTO `sql7371032`.`table_provisions` (`PID`, `IID`, `image`, `name`, `energy`, `hydration`) VALUES (31, 11, DEFAULT, 'Purified water', 25, 100);
INSERT INTO `sql7371032`.`table_provisions` (`PID`, `IID`, `image`, `name`, `energy`, `hydration`) VALUES (32, 11, DEFAULT, '\"Fierce Hatchling\" moonshine', 20, -10);
INSERT INTO `sql7371032`.`table_provisions` (`PID`, `IID`, `image`, `name`, `energy`, `hydration`) VALUES (33, 11, DEFAULT, 'Bottle of vodka Tarkovskaya', 0, -50);
INSERT INTO `sql7371032`.`table_provisions` (`PID`, `IID`, `image`, `name`, `energy`, `hydration`) VALUES (34, 11, DEFAULT, 'Bottle of Dan Jackiel Whiskey', 10, -35);

COMMIT;


-- -----------------------------------------------------
-- Data for table `sql7371032`.`table_rigs`
-- -----------------------------------------------------
START TRANSACTION;
USE `sql7371032`;
INSERT INTO `sql7371032`.`table_rigs` (`RID`, `IID`, `image`, `name`, `weight`, `size`, `armor`) VALUES (1, 13, DEFAULT, 'Scav Vest', 0.4, 6, false);
INSERT INTO `sql7371032`.`table_rigs` (`RID`, `IID`, `image`, `name`, `weight`, `size`, `armor`) VALUES (2, 13, DEFAULT, 'BlackRock', 1.8, 20, false);
INSERT INTO `sql7371032`.`table_rigs` (`RID`, `IID`, `image`, `name`, `weight`, `size`, `armor`) VALUES (3, 13, DEFAULT, 'AVS', 8.7, 23, false);
INSERT INTO `sql7371032`.`table_rigs` (`RID`, `IID`, `image`, `name`, `weight`, `size`, `armor`) VALUES (4, 13, DEFAULT, 'WTRig', 1.8, 10, false);
INSERT INTO `sql7371032`.`table_rigs` (`RID`, `IID`, `image`, `name`, `weight`, `size`, `armor`) VALUES (5, 13, DEFAULT, '6sh112', 1.7, 12, false);
INSERT INTO `sql7371032`.`table_rigs` (`RID`, `IID`, `image`, `name`, `weight`, `size`, `armor`) VALUES (6, 13, DEFAULT, 'Alpha', 1.7, 20, false);
INSERT INTO `sql7371032`.`table_rigs` (`RID`, `IID`, `image`, `name`, `weight`, `size`, `armor`) VALUES (7, 13, DEFAULT, 'MK3', 1.65, 20, false);
INSERT INTO `sql7371032`.`table_rigs` (`RID`, `IID`, `image`, `name`, `weight`, `size`, `armor`) VALUES (8, 13, DEFAULT, 'Commando', 1.35, 16, false);
INSERT INTO `sql7371032`.`table_rigs` (`RID`, `IID`, `image`, `name`, `weight`, `size`, `armor`) VALUES (9, 13, DEFAULT, 'M2', 7, 18, true);
INSERT INTO `sql7371032`.`table_rigs` (`RID`, `IID`, `image`, `name`, `weight`, `size`, `armor`) VALUES (10, 13, DEFAULT, 'Tactec', 9.5, 18, true);
INSERT INTO `sql7371032`.`table_rigs` (`RID`, `IID`, `image`, `name`, `weight`, `size`, `armor`) VALUES (11, 13, DEFAULT, '6B5-15', 12.2, 10, true);
INSERT INTO `sql7371032`.`table_rigs` (`RID`, `IID`, `image`, `name`, `weight`, `size`, `armor`) VALUES (12, 13, DEFAULT, '6B5-16', 7.1, 10, true);
INSERT INTO `sql7371032`.`table_rigs` (`RID`, `IID`, `image`, `name`, `weight`, `size`, `armor`) VALUES (13, 13, DEFAULT, 'M1', 8.3, 20, true);
INSERT INTO `sql7371032`.`table_rigs` (`RID`, `IID`, `image`, `name`, `weight`, `size`, `armor`) VALUES (14, 13, DEFAULT, 'TV-110', 10.3, 23, true);
INSERT INTO `sql7371032`.`table_rigs` (`RID`, `IID`, `image`, `name`, `weight`, `size`, `armor`) VALUES (15, 13, DEFAULT, 'Belt', 1.7, 25, false);
INSERT INTO `sql7371032`.`table_rigs` (`RID`, `IID`, `image`, `name`, `weight`, `size`, `armor`) VALUES (16, 13, DEFAULT, 'Triton', 1.3, 16, false);
INSERT INTO `sql7371032`.`table_rigs` (`RID`, `IID`, `image`, `name`, `weight`, `size`, `armor`) VALUES (17, 13, DEFAULT, 'A18', 8.2, 25, false);
INSERT INTO `sql7371032`.`table_rigs` (`RID`, `IID`, `image`, `name`, `weight`, `size`, `armor`) VALUES (18, 13, DEFAULT, 'MRig', 0.8, 8, false);
INSERT INTO `sql7371032`.`table_rigs` (`RID`, `IID`, `image`, `name`, `weight`, `size`, `armor`) VALUES (19, 13, DEFAULT, 'D3CRX', 0.9, 16, false);
INSERT INTO `sql7371032`.`table_rigs` (`RID`, `IID`, `image`, `name`, `weight`, `size`, `armor`) VALUES (20, 13, DEFAULT, 'Bank Robber', 0.7, 8, false);
INSERT INTO `sql7371032`.`table_rigs` (`RID`, `IID`, `image`, `name`, `weight`, `size`, `armor`) VALUES (21, 13, DEFAULT, '6B3TM-01M', 9.2, 12, true);
INSERT INTO `sql7371032`.`table_rigs` (`RID`, `IID`, `image`, `name`, `weight`, `size`, `armor`) VALUES (22, 13, DEFAULT, 'MPPV', 1.6, 24, false);
INSERT INTO `sql7371032`.`table_rigs` (`RID`, `IID`, `image`, `name`, `weight`, `size`, `armor`) VALUES (23, 13, DEFAULT, 'ACCPC', 8.5, 23, true);

COMMIT;


-- -----------------------------------------------------
-- Data for table `sql7371032`.`table_rigs_trader`
-- -----------------------------------------------------
START TRANSACTION;
USE `sql7371032`;
INSERT INTO `sql7371032`.`table_rigs_trader` (`RID`, `TID`, `price`) VALUES (1, 1, 3410);
INSERT INTO `sql7371032`.`table_rigs_trader` (`RID`, `TID`, `price`) VALUES (2, 2, 43956);
INSERT INTO `sql7371032`.`table_rigs_trader` (`RID`, `TID`, `price`) VALUES (3, 2, NULL);
INSERT INTO `sql7371032`.`table_rigs_trader` (`RID`, `TID`, `price`) VALUES (4, 3, 18269);
INSERT INTO `sql7371032`.`table_rigs_trader` (`RID`, `TID`, `price`) VALUES (5, 2, 23200);
INSERT INTO `sql7371032`.`table_rigs_trader` (`RID`, `TID`, `price`) VALUES (6, 3, 49798);
INSERT INTO `sql7371032`.`table_rigs_trader` (`RID`, `TID`, `price`) VALUES (6, 2, NULL);
INSERT INTO `sql7371032`.`table_rigs_trader` (`RID`, `TID`, `price`) VALUES (7, 3, 46200);
INSERT INTO `sql7371032`.`table_rigs_trader` (`RID`, `TID`, `price`) VALUES (8, 2, 36363);
INSERT INTO `sql7371032`.`table_rigs_trader` (`RID`, `TID`, `price`) VALUES (9, 3, NULL);
INSERT INTO `sql7371032`.`table_rigs_trader` (`RID`, `TID`, `price`) VALUES (9, 4, NULL);
INSERT INTO `sql7371032`.`table_rigs_trader` (`RID`, `TID`, `price`) VALUES (10, 2, NULL);
INSERT INTO `sql7371032`.`table_rigs_trader` (`RID`, `TID`, `price`) VALUES (10, 3, NULL);
INSERT INTO `sql7371032`.`table_rigs_trader` (`RID`, `TID`, `price`) VALUES (10, 4, NULL);
INSERT INTO `sql7371032`.`table_rigs_trader` (`RID`, `TID`, `price`) VALUES (11, 1, NULL);
INSERT INTO `sql7371032`.`table_rigs_trader` (`RID`, `TID`, `price`) VALUES (12, 2, 44820);
INSERT INTO `sql7371032`.`table_rigs_trader` (`RID`, `TID`, `price`) VALUES (13, 3, NULL);
INSERT INTO `sql7371032`.`table_rigs_trader` (`RID`, `TID`, `price`) VALUES (14, 3, NULL);
INSERT INTO `sql7371032`.`table_rigs_trader` (`RID`, `TID`, `price`) VALUES (14, 4, 98496);
INSERT INTO `sql7371032`.`table_rigs_trader` (`RID`, `TID`, `price`) VALUES (15, 3, NULL);
INSERT INTO `sql7371032`.`table_rigs_trader` (`RID`, `TID`, `price`) VALUES (16, 2, 31310);
INSERT INTO `sql7371032`.`table_rigs_trader` (`RID`, `TID`, `price`) VALUES (18, 1, 10080);
INSERT INTO `sql7371032`.`table_rigs_trader` (`RID`, `TID`, `price`) VALUES (19, 2, 27374);
INSERT INTO `sql7371032`.`table_rigs_trader` (`RID`, `TID`, `price`) VALUES (20, 1, 9742);
INSERT INTO `sql7371032`.`table_rigs_trader` (`RID`, `TID`, `price`) VALUES (21, 2, 48924);
INSERT INTO `sql7371032`.`table_rigs_trader` (`RID`, `TID`, `price`) VALUES (22, 2, 53136);
INSERT INTO `sql7371032`.`table_rigs_trader` (`RID`, `TID`, `price`) VALUES (23, 4, NULL);

COMMIT;


-- -----------------------------------------------------
-- Data for table `sql7371032`.`table_rigs_aa`
-- -----------------------------------------------------
START TRANSACTION;
USE `sql7371032`;
INSERT INTO `sql7371032`.`table_rigs_aa` (`RID`, `AaID`) VALUES (9, 1);
INSERT INTO `sql7371032`.`table_rigs_aa` (`RID`, `AaID`) VALUES (10, 2);
INSERT INTO `sql7371032`.`table_rigs_aa` (`RID`, `AaID`) VALUES (11, 3);
INSERT INTO `sql7371032`.`table_rigs_aa` (`RID`, `AaID`) VALUES (12, 4);
INSERT INTO `sql7371032`.`table_rigs_aa` (`RID`, `AaID`) VALUES (13, 5);
INSERT INTO `sql7371032`.`table_rigs_aa` (`RID`, `AaID`) VALUES (14, 6);
INSERT INTO `sql7371032`.`table_rigs_aa` (`RID`, `AaID`) VALUES (21, 7);
INSERT INTO `sql7371032`.`table_rigs_aa` (`RID`, `AaID`) VALUES (23, 8);

COMMIT;


-- -----------------------------------------------------
-- Data for table `sql7371032`.`table_rigs_zones`
-- -----------------------------------------------------
START TRANSACTION;
USE `sql7371032`;
INSERT INTO `sql7371032`.`table_rigs_zones` (`AaID`, `AzID`) VALUES (1, 1);
INSERT INTO `sql7371032`.`table_rigs_zones` (`AaID`, `AzID`) VALUES (1, 2);
INSERT INTO `sql7371032`.`table_rigs_zones` (`AaID`, `AzID`) VALUES (2, 1);
INSERT INTO `sql7371032`.`table_rigs_zones` (`AaID`, `AzID`) VALUES (3, 1);
INSERT INTO `sql7371032`.`table_rigs_zones` (`AaID`, `AzID`) VALUES (3, 2);
INSERT INTO `sql7371032`.`table_rigs_zones` (`AaID`, `AzID`) VALUES (4, 1);
INSERT INTO `sql7371032`.`table_rigs_zones` (`AaID`, `AzID`) VALUES (4, 2);
INSERT INTO `sql7371032`.`table_rigs_zones` (`AaID`, `AzID`) VALUES (5, 1);
INSERT INTO `sql7371032`.`table_rigs_zones` (`AaID`, `AzID`) VALUES (5, 2);
INSERT INTO `sql7371032`.`table_rigs_zones` (`AaID`, `AzID`) VALUES (6, 1);
INSERT INTO `sql7371032`.`table_rigs_zones` (`AaID`, `AzID`) VALUES (7, 1);
INSERT INTO `sql7371032`.`table_rigs_zones` (`AaID`, `AzID`) VALUES (8, 1);

COMMIT;


-- -----------------------------------------------------
-- Data for table `sql7371032`.`table_keys_maps_ls`
-- -----------------------------------------------------
START TRANSACTION;
USE `sql7371032`;
INSERT INTO `sql7371032`.`table_keys_maps_ls` (`KmlD`, `KID`, `MID`, `LsID`) VALUES (NULL, 1, 3, 1);
INSERT INTO `sql7371032`.`table_keys_maps_ls` (`KmlD`, `KID`, `MID`, `LsID`) VALUES (NULL, 1, 3, 2);
INSERT INTO `sql7371032`.`table_keys_maps_ls` (`KmlD`, `KID`, `MID`, `LsID`) VALUES (NULL, 2, 3, 2);
INSERT INTO `sql7371032`.`table_keys_maps_ls` (`KmlD`, `KID`, `MID`, `LsID`) VALUES (NULL, 1, 7, 4);
INSERT INTO `sql7371032`.`table_keys_maps_ls` (`KmlD`, `KID`, `MID`, `LsID`) VALUES (NULL, 1, 7, 5);
INSERT INTO `sql7371032`.`table_keys_maps_ls` (`KmlD`, `KID`, `MID`, `LsID`) VALUES (NULL, 1, 7, 2);
INSERT INTO `sql7371032`.`table_keys_maps_ls` (`KmlD`, `KID`, `MID`, `LsID`) VALUES (NULL, 3, 7, 4);
INSERT INTO `sql7371032`.`table_keys_maps_ls` (`KmlD`, `KID`, `MID`, `LsID`) VALUES (NULL, 3, 7, 7);
INSERT INTO `sql7371032`.`table_keys_maps_ls` (`KmlD`, `KID`, `MID`, `LsID`) VALUES (NULL, 3, 7, 6);
INSERT INTO `sql7371032`.`table_keys_maps_ls` (`KmlD`, `KID`, `MID`, `LsID`) VALUES (NULL, 4, 7, 8);
INSERT INTO `sql7371032`.`table_keys_maps_ls` (`KmlD`, `KID`, `MID`, `LsID`) VALUES (NULL, 4, 7, 1);
INSERT INTO `sql7371032`.`table_keys_maps_ls` (`KmlD`, `KID`, `MID`, `LsID`) VALUES (NULL, 5, 7, 9);
INSERT INTO `sql7371032`.`table_keys_maps_ls` (`KmlD`, `KID`, `MID`, `LsID`) VALUES (NULL, 5, 7, 2);
INSERT INTO `sql7371032`.`table_keys_maps_ls` (`KmlD`, `KID`, `MID`, `LsID`) VALUES (NULL, 6, 7, 9);
INSERT INTO `sql7371032`.`table_keys_maps_ls` (`KmlD`, `KID`, `MID`, `LsID`) VALUES (NULL, 6, 7, 2);
INSERT INTO `sql7371032`.`table_keys_maps_ls` (`KmlD`, `KID`, `MID`, `LsID`) VALUES (NULL, 7, 7, 10);
INSERT INTO `sql7371032`.`table_keys_maps_ls` (`KmlD`, `KID`, `MID`, `LsID`) VALUES (NULL, 7, 7, 9);
INSERT INTO `sql7371032`.`table_keys_maps_ls` (`KmlD`, `KID`, `MID`, `LsID`) VALUES (NULL, 7, 7, 11);
INSERT INTO `sql7371032`.`table_keys_maps_ls` (`KmlD`, `KID`, `MID`, `LsID`) VALUES (NULL, 8, 7, NULL);
INSERT INTO `sql7371032`.`table_keys_maps_ls` (`KmlD`, `KID`, `MID`, `LsID`) VALUES (NULL, 7, 7, 2);
INSERT INTO `sql7371032`.`table_keys_maps_ls` (`KmlD`, `KID`, `MID`, `LsID`) VALUES (NULL, 9, 7, 2);
INSERT INTO `sql7371032`.`table_keys_maps_ls` (`KmlD`, `KID`, `MID`, `LsID`) VALUES (NULL, 10, 7, 11);
INSERT INTO `sql7371032`.`table_keys_maps_ls` (`KmlD`, `KID`, `MID`, `LsID`) VALUES (NULL, 10, 7, 5);
INSERT INTO `sql7371032`.`table_keys_maps_ls` (`KmlD`, `KID`, `MID`, `LsID`) VALUES (NULL, 11, 7, 1);
INSERT INTO `sql7371032`.`table_keys_maps_ls` (`KmlD`, `KID`, `MID`, `LsID`) VALUES (NULL, 11, 7, 2);
INSERT INTO `sql7371032`.`table_keys_maps_ls` (`KmlD`, `KID`, `MID`, `LsID`) VALUES (NULL, 12, 7, 14);
INSERT INTO `sql7371032`.`table_keys_maps_ls` (`KmlD`, `KID`, `MID`, `LsID`) VALUES (NULL, 13, 7, 7);
INSERT INTO `sql7371032`.`table_keys_maps_ls` (`KmlD`, `KID`, `MID`, `LsID`) VALUES (NULL, 13, 7, 9);
INSERT INTO `sql7371032`.`table_keys_maps_ls` (`KmlD`, `KID`, `MID`, `LsID`) VALUES (NULL, 13, 7, 2);
INSERT INTO `sql7371032`.`table_keys_maps_ls` (`KmlD`, `KID`, `MID`, `LsID`) VALUES (NULL, 14, 7, 9);
INSERT INTO `sql7371032`.`table_keys_maps_ls` (`KmlD`, `KID`, `MID`, `LsID`) VALUES (NULL, 14, 7, 2);
INSERT INTO `sql7371032`.`table_keys_maps_ls` (`KmlD`, `KID`, `MID`, `LsID`) VALUES (NULL, 15, 7, 2);
INSERT INTO `sql7371032`.`table_keys_maps_ls` (`KmlD`, `KID`, `MID`, `LsID`) VALUES (NULL, 16, 7, 2);
INSERT INTO `sql7371032`.`table_keys_maps_ls` (`KmlD`, `KID`, `MID`, `LsID`) VALUES (NULL, 16, 7, 12);
INSERT INTO `sql7371032`.`table_keys_maps_ls` (`KmlD`, `KID`, `MID`, `LsID`) VALUES (NULL, 17, 7, 4);
INSERT INTO `sql7371032`.`table_keys_maps_ls` (`KmlD`, `KID`, `MID`, `LsID`) VALUES (NULL, 17, 7, 2);
INSERT INTO `sql7371032`.`table_keys_maps_ls` (`KmlD`, `KID`, `MID`, `LsID`) VALUES (NULL, 18, 7, 12);
INSERT INTO `sql7371032`.`table_keys_maps_ls` (`KmlD`, `KID`, `MID`, `LsID`) VALUES (NULL, 19, 7, 12);
INSERT INTO `sql7371032`.`table_keys_maps_ls` (`KmlD`, `KID`, `MID`, `LsID`) VALUES (NULL, 20, 7, 12);
INSERT INTO `sql7371032`.`table_keys_maps_ls` (`KmlD`, `KID`, `MID`, `LsID`) VALUES (NULL, 21, 7, 2);
INSERT INTO `sql7371032`.`table_keys_maps_ls` (`KmlD`, `KID`, `MID`, `LsID`) VALUES (NULL, 21, 7, 13);
INSERT INTO `sql7371032`.`table_keys_maps_ls` (`KmlD`, `KID`, `MID`, `LsID`) VALUES (NULL, 22, 7, NULL);
INSERT INTO `sql7371032`.`table_keys_maps_ls` (`KmlD`, `KID`, `MID`, `LsID`) VALUES (NULL, 23, 7, NULL);
INSERT INTO `sql7371032`.`table_keys_maps_ls` (`KmlD`, `KID`, `MID`, `LsID`) VALUES (NULL, 24, 7, 7);
INSERT INTO `sql7371032`.`table_keys_maps_ls` (`KmlD`, `KID`, `MID`, `LsID`) VALUES (NULL, 24, 7, 6);
INSERT INTO `sql7371032`.`table_keys_maps_ls` (`KmlD`, `KID`, `MID`, `LsID`) VALUES (NULL, 24, 7, 4);
INSERT INTO `sql7371032`.`table_keys_maps_ls` (`KmlD`, `KID`, `MID`, `LsID`) VALUES (NULL, 25, 7, 14);
INSERT INTO `sql7371032`.`table_keys_maps_ls` (`KmlD`, `KID`, `MID`, `LsID`) VALUES (NULL, 25, 7, 11);
INSERT INTO `sql7371032`.`table_keys_maps_ls` (`KmlD`, `KID`, `MID`, `LsID`) VALUES (NULL, 25, 7, 9);
INSERT INTO `sql7371032`.`table_keys_maps_ls` (`KmlD`, `KID`, `MID`, `LsID`) VALUES (NULL, 25, 7, 1);
INSERT INTO `sql7371032`.`table_keys_maps_ls` (`KmlD`, `KID`, `MID`, `LsID`) VALUES (NULL, 26, 7, 1);
INSERT INTO `sql7371032`.`table_keys_maps_ls` (`KmlD`, `KID`, `MID`, `LsID`) VALUES (NULL, 26, 7, 2);
INSERT INTO `sql7371032`.`table_keys_maps_ls` (`KmlD`, `KID`, `MID`, `LsID`) VALUES (NULL, 27, 7, 4);
INSERT INTO `sql7371032`.`table_keys_maps_ls` (`KmlD`, `KID`, `MID`, `LsID`) VALUES (NULL, 28, 7, 1);
INSERT INTO `sql7371032`.`table_keys_maps_ls` (`KmlD`, `KID`, `MID`, `LsID`) VALUES (NULL, 29, 7, 9);
INSERT INTO `sql7371032`.`table_keys_maps_ls` (`KmlD`, `KID`, `MID`, `LsID`) VALUES (NULL, 29, 7, 2);
INSERT INTO `sql7371032`.`table_keys_maps_ls` (`KmlD`, `KID`, `MID`, `LsID`) VALUES (NULL, 30, 7, 10);
INSERT INTO `sql7371032`.`table_keys_maps_ls` (`KmlD`, `KID`, `MID`, `LsID`) VALUES (NULL, 31, 7, NULL);
INSERT INTO `sql7371032`.`table_keys_maps_ls` (`KmlD`, `KID`, `MID`, `LsID`) VALUES (NULL, 32, 7, 4);
INSERT INTO `sql7371032`.`table_keys_maps_ls` (`KmlD`, `KID`, `MID`, `LsID`) VALUES (NULL, 33, 4, 2);
INSERT INTO `sql7371032`.`table_keys_maps_ls` (`KmlD`, `KID`, `MID`, `LsID`) VALUES (NULL, 34, 4, 4);
INSERT INTO `sql7371032`.`table_keys_maps_ls` (`KmlD`, `KID`, `MID`, `LsID`) VALUES (NULL, 34, 4, 2);
INSERT INTO `sql7371032`.`table_keys_maps_ls` (`KmlD`, `KID`, `MID`, `LsID`) VALUES (NULL, 35, 4, NULL);
INSERT INTO `sql7371032`.`table_keys_maps_ls` (`KmlD`, `KID`, `MID`, `LsID`) VALUES (NULL, 36, 1, NULL);
INSERT INTO `sql7371032`.`table_keys_maps_ls` (`KmlD`, `KID`, `MID`, `LsID`) VALUES (NULL, 37, 1, NULL);
INSERT INTO `sql7371032`.`table_keys_maps_ls` (`KmlD`, `KID`, `MID`, `LsID`) VALUES (NULL, 38, 1, 9);
INSERT INTO `sql7371032`.`table_keys_maps_ls` (`KmlD`, `KID`, `MID`, `LsID`) VALUES (NULL, 39, 1, 9);
INSERT INTO `sql7371032`.`table_keys_maps_ls` (`KmlD`, `KID`, `MID`, `LsID`) VALUES (NULL, 40, 1, 9);
INSERT INTO `sql7371032`.`table_keys_maps_ls` (`KmlD`, `KID`, `MID`, `LsID`) VALUES (NULL, 41, 1, 9);
INSERT INTO `sql7371032`.`table_keys_maps_ls` (`KmlD`, `KID`, `MID`, `LsID`) VALUES (NULL, 41, 1, 11);
INSERT INTO `sql7371032`.`table_keys_maps_ls` (`KmlD`, `KID`, `MID`, `LsID`) VALUES (NULL, 41, 1, 12);
INSERT INTO `sql7371032`.`table_keys_maps_ls` (`KmlD`, `KID`, `MID`, `LsID`) VALUES (NULL, 41, 1, 1);
INSERT INTO `sql7371032`.`table_keys_maps_ls` (`KmlD`, `KID`, `MID`, `LsID`) VALUES (NULL, 41, 1, 2);
INSERT INTO `sql7371032`.`table_keys_maps_ls` (`KmlD`, `KID`, `MID`, `LsID`) VALUES (NULL, 42, 1, 9);
INSERT INTO `sql7371032`.`table_keys_maps_ls` (`KmlD`, `KID`, `MID`, `LsID`) VALUES (NULL, 43, 1, 2);
INSERT INTO `sql7371032`.`table_keys_maps_ls` (`KmlD`, `KID`, `MID`, `LsID`) VALUES (NULL, 44, 1, 2);
INSERT INTO `sql7371032`.`table_keys_maps_ls` (`KmlD`, `KID`, `MID`, `LsID`) VALUES (NULL, 45, 1, 9);
INSERT INTO `sql7371032`.`table_keys_maps_ls` (`KmlD`, `KID`, `MID`, `LsID`) VALUES (NULL, 46, 1, 9);
INSERT INTO `sql7371032`.`table_keys_maps_ls` (`KmlD`, `KID`, `MID`, `LsID`) VALUES (NULL, 47, 1, 12);
INSERT INTO `sql7371032`.`table_keys_maps_ls` (`KmlD`, `KID`, `MID`, `LsID`) VALUES (NULL, 47, 1, 2);
INSERT INTO `sql7371032`.`table_keys_maps_ls` (`KmlD`, `KID`, `MID`, `LsID`) VALUES (NULL, 48, 1, 14);
INSERT INTO `sql7371032`.`table_keys_maps_ls` (`KmlD`, `KID`, `MID`, `LsID`) VALUES (NULL, 48, 1, 2);
INSERT INTO `sql7371032`.`table_keys_maps_ls` (`KmlD`, `KID`, `MID`, `LsID`) VALUES (NULL, 49, 1, 10);
INSERT INTO `sql7371032`.`table_keys_maps_ls` (`KmlD`, `KID`, `MID`, `LsID`) VALUES (NULL, 49, 1, 3);
INSERT INTO `sql7371032`.`table_keys_maps_ls` (`KmlD`, `KID`, `MID`, `LsID`) VALUES (NULL, 49, 1, 14);
INSERT INTO `sql7371032`.`table_keys_maps_ls` (`KmlD`, `KID`, `MID`, `LsID`) VALUES (NULL, 49, 1, 8);
INSERT INTO `sql7371032`.`table_keys_maps_ls` (`KmlD`, `KID`, `MID`, `LsID`) VALUES (NULL, 49, 1, 12);
INSERT INTO `sql7371032`.`table_keys_maps_ls` (`KmlD`, `KID`, `MID`, `LsID`) VALUES (NULL, 49, 1, 2);
INSERT INTO `sql7371032`.`table_keys_maps_ls` (`KmlD`, `KID`, `MID`, `LsID`) VALUES (NULL, 50, 1, 10);
INSERT INTO `sql7371032`.`table_keys_maps_ls` (`KmlD`, `KID`, `MID`, `LsID`) VALUES (NULL, 50, 1, 8);
INSERT INTO `sql7371032`.`table_keys_maps_ls` (`KmlD`, `KID`, `MID`, `LsID`) VALUES (NULL, 50, 1, 2);
INSERT INTO `sql7371032`.`table_keys_maps_ls` (`KmlD`, `KID`, `MID`, `LsID`) VALUES (NULL, 51, 1, NULL);
INSERT INTO `sql7371032`.`table_keys_maps_ls` (`KmlD`, `KID`, `MID`, `LsID`) VALUES (NULL, 52, 1, 3);
INSERT INTO `sql7371032`.`table_keys_maps_ls` (`KmlD`, `KID`, `MID`, `LsID`) VALUES (NULL, 52, 1, 4);
INSERT INTO `sql7371032`.`table_keys_maps_ls` (`KmlD`, `KID`, `MID`, `LsID`) VALUES (NULL, 52, 1, 15);
INSERT INTO `sql7371032`.`table_keys_maps_ls` (`KmlD`, `KID`, `MID`, `LsID`) VALUES (NULL, 52, 1, 2);
INSERT INTO `sql7371032`.`table_keys_maps_ls` (`KmlD`, `KID`, `MID`, `LsID`) VALUES (NULL, 53, 1, 5);
INSERT INTO `sql7371032`.`table_keys_maps_ls` (`KmlD`, `KID`, `MID`, `LsID`) VALUES (NULL, 53, 1, 2);
INSERT INTO `sql7371032`.`table_keys_maps_ls` (`KmlD`, `KID`, `MID`, `LsID`) VALUES (NULL, 54, 1, 5);
INSERT INTO `sql7371032`.`table_keys_maps_ls` (`KmlD`, `KID`, `MID`, `LsID`) VALUES (NULL, 54, 1, 4);
INSERT INTO `sql7371032`.`table_keys_maps_ls` (`KmlD`, `KID`, `MID`, `LsID`) VALUES (NULL, 54, 1, 2);
INSERT INTO `sql7371032`.`table_keys_maps_ls` (`KmlD`, `KID`, `MID`, `LsID`) VALUES (NULL, 55, 1, 3);
INSERT INTO `sql7371032`.`table_keys_maps_ls` (`KmlD`, `KID`, `MID`, `LsID`) VALUES (NULL, 55, 1, 3);
INSERT INTO `sql7371032`.`table_keys_maps_ls` (`KmlD`, `KID`, `MID`, `LsID`) VALUES (NULL, 55, 1, 12);
INSERT INTO `sql7371032`.`table_keys_maps_ls` (`KmlD`, `KID`, `MID`, `LsID`) VALUES (NULL, 55, 1, 2);
INSERT INTO `sql7371032`.`table_keys_maps_ls` (`KmlD`, `KID`, `MID`, `LsID`) VALUES (NULL, 55, 1, 13);
INSERT INTO `sql7371032`.`table_keys_maps_ls` (`KmlD`, `KID`, `MID`, `LsID`) VALUES (NULL, 56, 1, 4);
INSERT INTO `sql7371032`.`table_keys_maps_ls` (`KmlD`, `KID`, `MID`, `LsID`) VALUES (NULL, 56, 1, 12);
INSERT INTO `sql7371032`.`table_keys_maps_ls` (`KmlD`, `KID`, `MID`, `LsID`) VALUES (NULL, 57, 1, 10);
INSERT INTO `sql7371032`.`table_keys_maps_ls` (`KmlD`, `KID`, `MID`, `LsID`) VALUES (NULL, 57, 1, 12);
INSERT INTO `sql7371032`.`table_keys_maps_ls` (`KmlD`, `KID`, `MID`, `LsID`) VALUES (NULL, 58, 1, 4);
INSERT INTO `sql7371032`.`table_keys_maps_ls` (`KmlD`, `KID`, `MID`, `LsID`) VALUES (NULL, 58, 1, 11);
INSERT INTO `sql7371032`.`table_keys_maps_ls` (`KmlD`, `KID`, `MID`, `LsID`) VALUES (NULL, 58, 1, 12);
INSERT INTO `sql7371032`.`table_keys_maps_ls` (`KmlD`, `KID`, `MID`, `LsID`) VALUES (NULL, 58, 1, 2);
INSERT INTO `sql7371032`.`table_keys_maps_ls` (`KmlD`, `KID`, `MID`, `LsID`) VALUES (NULL, 59, 1, NULL);
INSERT INTO `sql7371032`.`table_keys_maps_ls` (`KmlD`, `KID`, `MID`, `LsID`) VALUES (NULL, 60, 1, 12);
INSERT INTO `sql7371032`.`table_keys_maps_ls` (`KmlD`, `KID`, `MID`, `LsID`) VALUES (NULL, 60, 1, 2);
INSERT INTO `sql7371032`.`table_keys_maps_ls` (`KmlD`, `KID`, `MID`, `LsID`) VALUES (NULL, 61, 1, NULL);
INSERT INTO `sql7371032`.`table_keys_maps_ls` (`KmlD`, `KID`, `MID`, `LsID`) VALUES (NULL, 62, 1, 7);
INSERT INTO `sql7371032`.`table_keys_maps_ls` (`KmlD`, `KID`, `MID`, `LsID`) VALUES (NULL, 62, 1, 2);
INSERT INTO `sql7371032`.`table_keys_maps_ls` (`KmlD`, `KID`, `MID`, `LsID`) VALUES (NULL, 63, 1, NULL);
INSERT INTO `sql7371032`.`table_keys_maps_ls` (`KmlD`, `KID`, `MID`, `LsID`) VALUES (NULL, 64, 1, 10);
INSERT INTO `sql7371032`.`table_keys_maps_ls` (`KmlD`, `KID`, `MID`, `LsID`) VALUES (NULL, 64, 1, 14);
INSERT INTO `sql7371032`.`table_keys_maps_ls` (`KmlD`, `KID`, `MID`, `LsID`) VALUES (NULL, 64, 1, 12);
INSERT INTO `sql7371032`.`table_keys_maps_ls` (`KmlD`, `KID`, `MID`, `LsID`) VALUES (NULL, 64, 1, 2);
INSERT INTO `sql7371032`.`table_keys_maps_ls` (`KmlD`, `KID`, `MID`, `LsID`) VALUES (NULL, 65, 1, NULL);
INSERT INTO `sql7371032`.`table_keys_maps_ls` (`KmlD`, `KID`, `MID`, `LsID`) VALUES (NULL, 66, 1, 11);
INSERT INTO `sql7371032`.`table_keys_maps_ls` (`KmlD`, `KID`, `MID`, `LsID`) VALUES (NULL, 66, 1, 14);
INSERT INTO `sql7371032`.`table_keys_maps_ls` (`KmlD`, `KID`, `MID`, `LsID`) VALUES (NULL, 66, 1, 2);
INSERT INTO `sql7371032`.`table_keys_maps_ls` (`KmlD`, `KID`, `MID`, `LsID`) VALUES (NULL, 67, 1, 3);
INSERT INTO `sql7371032`.`table_keys_maps_ls` (`KmlD`, `KID`, `MID`, `LsID`) VALUES (NULL, 67, 1, 4);
INSERT INTO `sql7371032`.`table_keys_maps_ls` (`KmlD`, `KID`, `MID`, `LsID`) VALUES (NULL, 67, 1, 10);
INSERT INTO `sql7371032`.`table_keys_maps_ls` (`KmlD`, `KID`, `MID`, `LsID`) VALUES (NULL, 67, 1, 7);
INSERT INTO `sql7371032`.`table_keys_maps_ls` (`KmlD`, `KID`, `MID`, `LsID`) VALUES (NULL, 67, 1, 14);
INSERT INTO `sql7371032`.`table_keys_maps_ls` (`KmlD`, `KID`, `MID`, `LsID`) VALUES (NULL, 67, 1, 13);
INSERT INTO `sql7371032`.`table_keys_maps_ls` (`KmlD`, `KID`, `MID`, `LsID`) VALUES (NULL, 67, 1, 2);
INSERT INTO `sql7371032`.`table_keys_maps_ls` (`KmlD`, `KID`, `MID`, `LsID`) VALUES (NULL, 68, 1, 3);
INSERT INTO `sql7371032`.`table_keys_maps_ls` (`KmlD`, `KID`, `MID`, `LsID`) VALUES (NULL, 68, 1, 4);
INSERT INTO `sql7371032`.`table_keys_maps_ls` (`KmlD`, `KID`, `MID`, `LsID`) VALUES (NULL, 68, 1, 7);
INSERT INTO `sql7371032`.`table_keys_maps_ls` (`KmlD`, `KID`, `MID`, `LsID`) VALUES (NULL, 68, 1, 10);
INSERT INTO `sql7371032`.`table_keys_maps_ls` (`KmlD`, `KID`, `MID`, `LsID`) VALUES (NULL, 68, 1, 14);
INSERT INTO `sql7371032`.`table_keys_maps_ls` (`KmlD`, `KID`, `MID`, `LsID`) VALUES (NULL, 68, 1, 13);
INSERT INTO `sql7371032`.`table_keys_maps_ls` (`KmlD`, `KID`, `MID`, `LsID`) VALUES (NULL, 68, 1, 2);
INSERT INTO `sql7371032`.`table_keys_maps_ls` (`KmlD`, `KID`, `MID`, `LsID`) VALUES (NULL, 69, 1, NULL);
INSERT INTO `sql7371032`.`table_keys_maps_ls` (`KmlD`, `KID`, `MID`, `LsID`) VALUES (NULL, 70, 1, NULL);
INSERT INTO `sql7371032`.`table_keys_maps_ls` (`KmlD`, `KID`, `MID`, `LsID`) VALUES (NULL, 71, 1, NULL);
INSERT INTO `sql7371032`.`table_keys_maps_ls` (`KmlD`, `KID`, `MID`, `LsID`) VALUES (NULL, 72, 1, 4);
INSERT INTO `sql7371032`.`table_keys_maps_ls` (`KmlD`, `KID`, `MID`, `LsID`) VALUES (NULL, 72, 1, 7);
INSERT INTO `sql7371032`.`table_keys_maps_ls` (`KmlD`, `KID`, `MID`, `LsID`) VALUES (NULL, 72, 1, 15);
INSERT INTO `sql7371032`.`table_keys_maps_ls` (`KmlD`, `KID`, `MID`, `LsID`) VALUES (NULL, 72, 1, 8);
INSERT INTO `sql7371032`.`table_keys_maps_ls` (`KmlD`, `KID`, `MID`, `LsID`) VALUES (NULL, 72, 1, 13);
INSERT INTO `sql7371032`.`table_keys_maps_ls` (`KmlD`, `KID`, `MID`, `LsID`) VALUES (NULL, 72, 1, 2);
INSERT INTO `sql7371032`.`table_keys_maps_ls` (`KmlD`, `KID`, `MID`, `LsID`) VALUES (NULL, 73, 1, 4);
INSERT INTO `sql7371032`.`table_keys_maps_ls` (`KmlD`, `KID`, `MID`, `LsID`) VALUES (NULL, 73, 1, 7);
INSERT INTO `sql7371032`.`table_keys_maps_ls` (`KmlD`, `KID`, `MID`, `LsID`) VALUES (NULL, 73, 1, 15);
INSERT INTO `sql7371032`.`table_keys_maps_ls` (`KmlD`, `KID`, `MID`, `LsID`) VALUES (NULL, 73, 1, 8);
INSERT INTO `sql7371032`.`table_keys_maps_ls` (`KmlD`, `KID`, `MID`, `LsID`) VALUES (NULL, 73, 1, 12);
INSERT INTO `sql7371032`.`table_keys_maps_ls` (`KmlD`, `KID`, `MID`, `LsID`) VALUES (NULL, 73, 1, 13);
INSERT INTO `sql7371032`.`table_keys_maps_ls` (`KmlD`, `KID`, `MID`, `LsID`) VALUES (NULL, 73, 1, 2);
INSERT INTO `sql7371032`.`table_keys_maps_ls` (`KmlD`, `KID`, `MID`, `LsID`) VALUES (NULL, 74, 1, 4);
INSERT INTO `sql7371032`.`table_keys_maps_ls` (`KmlD`, `KID`, `MID`, `LsID`) VALUES (NULL, 74, 1, 7);
INSERT INTO `sql7371032`.`table_keys_maps_ls` (`KmlD`, `KID`, `MID`, `LsID`) VALUES (NULL, 74, 1, 11);
INSERT INTO `sql7371032`.`table_keys_maps_ls` (`KmlD`, `KID`, `MID`, `LsID`) VALUES (NULL, 74, 1, 10);
INSERT INTO `sql7371032`.`table_keys_maps_ls` (`KmlD`, `KID`, `MID`, `LsID`) VALUES (NULL, 74, 1, 12);
INSERT INTO `sql7371032`.`table_keys_maps_ls` (`KmlD`, `KID`, `MID`, `LsID`) VALUES (NULL, 74, 1, 13);
INSERT INTO `sql7371032`.`table_keys_maps_ls` (`KmlD`, `KID`, `MID`, `LsID`) VALUES (NULL, 75, 1, 4);
INSERT INTO `sql7371032`.`table_keys_maps_ls` (`KmlD`, `KID`, `MID`, `LsID`) VALUES (NULL, 75, 1, 7);
INSERT INTO `sql7371032`.`table_keys_maps_ls` (`KmlD`, `KID`, `MID`, `LsID`) VALUES (NULL, 75, 1, 11);
INSERT INTO `sql7371032`.`table_keys_maps_ls` (`KmlD`, `KID`, `MID`, `LsID`) VALUES (NULL, 75, 1, 10);
INSERT INTO `sql7371032`.`table_keys_maps_ls` (`KmlD`, `KID`, `MID`, `LsID`) VALUES (NULL, 75, 1, 12);
INSERT INTO `sql7371032`.`table_keys_maps_ls` (`KmlD`, `KID`, `MID`, `LsID`) VALUES (NULL, 75, 1, 13);
INSERT INTO `sql7371032`.`table_keys_maps_ls` (`KmlD`, `KID`, `MID`, `LsID`) VALUES (NULL, 76, 1, 14);
INSERT INTO `sql7371032`.`table_keys_maps_ls` (`KmlD`, `KID`, `MID`, `LsID`) VALUES (NULL, 76, 1, 13);
INSERT INTO `sql7371032`.`table_keys_maps_ls` (`KmlD`, `KID`, `MID`, `LsID`) VALUES (NULL, 77, 1, 4);
INSERT INTO `sql7371032`.`table_keys_maps_ls` (`KmlD`, `KID`, `MID`, `LsID`) VALUES (NULL, 77, 1, 3);
INSERT INTO `sql7371032`.`table_keys_maps_ls` (`KmlD`, `KID`, `MID`, `LsID`) VALUES (NULL, 77, 1, 10);
INSERT INTO `sql7371032`.`table_keys_maps_ls` (`KmlD`, `KID`, `MID`, `LsID`) VALUES (NULL, 77, 1, 12);
INSERT INTO `sql7371032`.`table_keys_maps_ls` (`KmlD`, `KID`, `MID`, `LsID`) VALUES (NULL, 77, 1, 2);
INSERT INTO `sql7371032`.`table_keys_maps_ls` (`KmlD`, `KID`, `MID`, `LsID`) VALUES (NULL, 78, 1, 4);
INSERT INTO `sql7371032`.`table_keys_maps_ls` (`KmlD`, `KID`, `MID`, `LsID`) VALUES (NULL, 78, 1, 3);
INSERT INTO `sql7371032`.`table_keys_maps_ls` (`KmlD`, `KID`, `MID`, `LsID`) VALUES (NULL, 78, 1, 10);
INSERT INTO `sql7371032`.`table_keys_maps_ls` (`KmlD`, `KID`, `MID`, `LsID`) VALUES (NULL, 78, 1, 12);
INSERT INTO `sql7371032`.`table_keys_maps_ls` (`KmlD`, `KID`, `MID`, `LsID`) VALUES (NULL, 78, 1, 2);
INSERT INTO `sql7371032`.`table_keys_maps_ls` (`KmlD`, `KID`, `MID`, `LsID`) VALUES (NULL, 79, 1, 4);
INSERT INTO `sql7371032`.`table_keys_maps_ls` (`KmlD`, `KID`, `MID`, `LsID`) VALUES (NULL, 79, 1, 3);
INSERT INTO `sql7371032`.`table_keys_maps_ls` (`KmlD`, `KID`, `MID`, `LsID`) VALUES (NULL, 79, 1, 10);
INSERT INTO `sql7371032`.`table_keys_maps_ls` (`KmlD`, `KID`, `MID`, `LsID`) VALUES (NULL, 79, 1, 2);
INSERT INTO `sql7371032`.`table_keys_maps_ls` (`KmlD`, `KID`, `MID`, `LsID`) VALUES (NULL, 80, 1, NULL);
INSERT INTO `sql7371032`.`table_keys_maps_ls` (`KmlD`, `KID`, `MID`, `LsID`) VALUES (NULL, 81, 1, 11);
INSERT INTO `sql7371032`.`table_keys_maps_ls` (`KmlD`, `KID`, `MID`, `LsID`) VALUES (NULL, 82, 1, 14);
INSERT INTO `sql7371032`.`table_keys_maps_ls` (`KmlD`, `KID`, `MID`, `LsID`) VALUES (NULL, 82, 1, 2);

COMMIT;

